id,fitted_entries,resolution,contourLevel,chain_id,chain_label,segment_overlap,segment_volume
0026,6gl7,6.3,0.0367,B,1.0,0.17,32180
0026,6gl7,6.3,0.0367,D,2.0,0.21,75609
0026,6gl7,6.3,0.0367,A,3.0,0.18,32328
0026,6gl7,6.3,0.0367,C,4.0,0.21,76728
0026,6gl7,6.3,0.0367,F,5.0,0.21,118674
0026,6gl7,6.3,0.0367,E,6.0,0.22,118628
0070,6gv9,8.0,0.282,A,1.0,0.29,41558
0070,6gv9,8.0,0.282,B,2.0,0.28,48749
0070,6gv9,8.0,0.282,C,3.0,0.27,50347
0070,6gv9,8.0,0.282,D,4.0,0.26,50360
0070,6gv9,8.0,0.282,E,5.0,0.28,50348
0070,6gv9,8.0,0.282,F,6.0,0.28,50344
0070,6gv9,8.0,0.282,G,7.0,0.27,50320
0070,6gv9,8.0,0.282,H,8.0,0.27,50339
0070,6gv9,8.0,0.282,I,9.0,0.28,50410
0070,6gv9,8.0,0.282,J,10.0,0.27,50338
0070,6gv9,8.0,0.282,K,11.0,0.27,50333
0070,6gv9,8.0,0.282,L,12.0,0.27,50345
0070,6gv9,8.0,0.282,M,13.0,0.29,49329
0070,6gv9,8.0,0.282,N,14.0,0.28,45354
0790,6kzm,9.6,0.83,A,1.0,0.35,287169
0790,6kzm,9.6,0.83,B,2.0,0.35,290743
0790,6kzm,9.6,0.83,C,3.0,0.37,286384
0790,6kzm,9.6,0.83,D,4.0,0.37,287028
0876,6lfg,9.58,1.8,D,1.0,0.34,212773
0876,6lfg,9.58,1.8,A,2.0,0.35,212881
0876,6lfg,9.58,1.8,B,3.0,0.34,211944
0876,6lfg,9.58,1.8,C,4.0,0.35,212234
0876,6lfg,9.58,1.8,E,5.0,0.35,212196
0876,6lfg,9.58,1.8,F,6.0,0.35,212088
0876,6lfg,9.58,1.8,G,7.0,0.34,212733
0876,6lfg,9.58,1.8,H,8.0,0.34,212771
10089,6s2f,5.8,0.05,A,1.0,0.27,239097
10089,6s2f,5.8,0.05,D,2.0,0.37,36776
10089,6s2f,5.8,0.05,E,3.0,0.45,10528
10089,6s2f,5.8,0.05,B,4.0,0.38,97447
10188,6sgy,4.6,0.03,A,1.0,0.25,73211
10188,6sgy,4.6,0.03,B,2.0,0.25,73541
10246,6smu,5.0,0.0345,A,1.0,0.26,50244
10246,6smu,5.0,0.0345,B,2.0,0.28,49975
10246,6smu,5.0,0.0345,C,3.0,0.28,49758
10246,6smu,5.0,0.0345,D,4.0,0.27,49826
10246,6smu,5.0,0.0345,E,5.0,0.28,49868
10246,6smu,5.0,0.0345,F,6.0,0.27,49761
10247,6smx,6.65,0.0286,A,1.0,0.33,196011
10247,6smx,6.65,0.0286,B,2.0,0.38,82160
10247,6smx,6.65,0.0286,C,3.0,0.27,23216
10247,6smx,6.65,0.0286,D,4.0,0.37,58297
10247,6smx,6.65,0.0286,E,5.0,0.36,26390
10249,6sn2,9.5,0.012,A,1.0,0.43,278427
10249,6sn2,9.5,0.012,B,2.0,0.45,117694
10249,6sn2,9.5,0.012,C,3.0,0.32,40480
10249,6sn2,9.5,0.012,D,4.0,0.42,86338
10249,6sn2,9.5,0.012,E,5.0,0.47,41536
10250,6sn3,8.4,0.0127,A,1.0,0.39,255605
10250,6sn3,8.4,0.0127,B,2.0,0.42,106132
10250,6sn3,8.4,0.0127,C,3.0,0.31,34880
10250,6sn3,8.4,0.0127,D,4.0,0.43,81014
10250,6sn3,8.4,0.0127,E,5.0,0.38,35187
10251,6sn4,9.5,0.0119,A,1.0,0.42,280648
10251,6sn4,9.5,0.0119,B,2.0,0.45,117362
10251,6sn4,9.5,0.0119,C,3.0,0.33,42760
10251,6sn4,9.5,0.0119,D,4.0,0.42,87787
10251,6sn4,9.5,0.0119,E,5.0,0.47,41529
10252,6sn5,9.8,0.0111,A,1.0,0.46,287367
10252,6sn5,9.8,0.0111,B,2.0,0.48,121089
10252,6sn5,9.8,0.0111,C,3.0,0.39,45896
10252,6sn5,9.8,0.0111,D,4.0,0.46,91078
10252,6sn5,9.8,0.0111,E,5.0,0.51,43184
10253,6sn7,8.9,0.0118,A,1.0,0.44,262825
10253,6sn7,8.9,0.0118,B,2.0,0.46,110493
10253,6sn7,8.9,0.0118,C,3.0,0.32,38783
10253,6sn7,8.9,0.0118,D,4.0,0.44,81163
10253,6sn7,8.9,0.0118,E,5.0,0.46,37902
10254,6sn8,8.4,0.0113,A,1.0,0.47,248058
10254,6sn8,8.4,0.0113,B,2.0,0.5,104908
10254,6sn8,8.4,0.0113,C,3.0,0.41,34857
10254,6sn8,8.4,0.0113,D,4.0,0.49,75926
10254,6sn8,8.4,0.0113,E,5.0,0.51,35559
10255,6sn9,9.8,0.0106,A,1.0,0.5,288124
10255,6sn9,9.8,0.0106,B,2.0,0.5,122246
10255,6sn9,9.8,0.0106,C,3.0,0.4,44327
10255,6sn9,9.8,0.0106,D,4.0,0.49,91576
10255,6sn9,9.8,0.0106,E,5.0,0.52,44163
10269,6so8,9.8,0.0113,A,1.0,0.46,287235
10269,6so8,9.8,0.0113,B,2.0,0.47,121438
10269,6so8,9.8,0.0113,C,3.0,0.32,44267
10269,6so8,9.8,0.0113,D,4.0,0.43,90752
10269,6so8,9.8,0.0113,E,5.0,0.51,43026
10271,6sob,8.5,0.012,A,1.0,0.43,251940
10271,6sob,8.5,0.012,B,2.0,0.45,107713
10271,6sob,8.5,0.012,C,3.0,0.35,36858
10271,6sob,8.5,0.012,D,4.0,0.43,77919
10271,6sob,8.5,0.012,E,5.0,0.48,36029
10272,6soc,9.0,0.0106,A,1.0,0.51,262519
10272,6soc,9.0,0.0106,B,2.0,0.53,110290
10272,6soc,9.0,0.0106,C,3.0,0.41,39863
10272,6soc,9.0,0.0106,D,4.0,0.52,81605
10272,6soc,9.0,0.0106,E,5.0,0.56,38133
10274,6sog,8.3,0.0121,A,1.0,0.42,249576
10274,6sog,8.3,0.0121,B,2.0,0.45,105654
10274,6sog,8.3,0.0121,C,3.0,0.38,35598
10274,6sog,8.3,0.0121,D,4.0,0.44,76983
10274,6sog,8.3,0.0121,E,5.0,0.46,35160
10275,6soh,9.5,0.0122,A,1.0,0.41,279703
10275,6soh,9.5,0.0122,B,2.0,0.44,118109
10275,6soh,9.5,0.0122,C,3.0,0.33,42459
10275,6soh,9.5,0.0122,D,4.0,0.42,86929
10275,6soh,9.5,0.0122,E,5.0,0.42,40947
10392,6t7b,5.1,0.055,A,1.0,0.52,14502
10392,6t7b,5.1,0.055,B,2.0,0.5,12590
10392,6t7b,5.1,0.055,C,3.0,0.53,15648
10392,6t7b,5.1,0.055,D,4.0,0.44,13804
10392,6t7b,5.1,0.055,E,5.0,0.57,14316
10392,6t7b,5.1,0.055,F,6.0,0.53,12108
10392,6t7b,5.1,0.055,G,7.0,0.46,15607
10392,6t7b,5.1,0.055,H,8.0,0.43,13806
10392,6t7b,5.1,0.055,I,9.0,0.42,59980
10392,6t7b,5.1,0.055,J,10.0,0.45,59919
10392,6t7b,5.1,0.055,K,11.0,0.47,10920
10699,6y5j,5.6,0.6,A,1.0,0.46,71401
10699,6y5j,5.6,0.6,B,2.0,0.34,26893
10699,6y5j,5.6,0.6,C,3.0,0.5,71474
10699,6y5j,5.6,0.6,E,4.0,0.48,71368
10699,6y5j,5.6,0.6,D,5.0,0.35,26822
10699,6y5j,5.6,0.6,F,6.0,0.37,27074
11042,6z2k,4.5,0.01,C,1.0,0.55,68064
11042,6z2k,4.5,0.01,E,2.0,0.56,67959
11042,6z2k,4.5,0.01,K,3.0,0.57,68054
11042,6z2k,4.5,0.01,I,4.0,0.57,68076
11042,6z2k,4.5,0.01,A,5.0,0.56,14692
11042,6z2k,4.5,0.01,B,6.0,0.55,14493
11042,6z2k,4.5,0.01,G,7.0,0.56,14642
11042,6z2k,4.5,0.01,H,8.0,0.57,14534
11042,6z2k,4.5,0.01,F,9.0,0.57,33691
11042,6z2k,4.5,0.01,D,10.0,0.56,33600
11042,6z2k,4.5,0.01,L,11.0,0.54,33649
11042,6z2k,4.5,0.01,J,12.0,0.54,33665
11190,6zg0,7.7,0.35,A,1.0,0.21,49829
11190,6zg0,7.7,0.35,B,2.0,0.19,55802
11190,6zg0,7.7,0.35,C,3.0,0.21,52453
11190,6zg0,7.7,0.35,D,4.0,0.21,50544
11190,6zg0,7.7,0.35,E,5.0,0.21,51494
11190,6zg0,7.7,0.35,F,6.0,0.21,50575
11190,6zg0,7.7,0.35,G,7.0,0.21,50325
11190,6zg0,7.7,0.35,H,8.0,0.21,50155
11277,6zm1,4.7,0.028,A,1.0,0.35,108699
11277,6zm1,4.7,0.028,B,2.0,0.36,186048
11277,6zm1,4.7,0.028,C,3.0,0.37,104784
11277,6zm1,4.7,0.028,D,4.0,0.36,159602
11688,7a98,5.4,0.2,A,1.0,0.61,249515
11688,7a98,5.4,0.2,D,2.0,0.64,133889
11688,7a98,5.4,0.2,E,3.0,0.63,133849
11688,7a98,5.4,0.2,F,4.0,0.65,133865
11688,7a98,5.4,0.2,B,5.0,0.62,249452
11688,7a98,5.4,0.2,C,6.0,0.62,249378
11837,7ao8,4.5,0.01,C,1.0,0.11,12483
11837,7ao8,4.5,0.01,D,2.0,0.54,57089
11837,7ao8,4.5,0.01,A,3.0,0.52,57086
11837,7ao8,4.5,0.01,E,4.0,0.61,67939
11837,7ao8,4.5,0.01,B,5.0,0.6,67951
11838,7ao9,6.1,0.014,C,1.0,0.15,18031
11838,7ao9,6.1,0.014,D,2.0,0.48,49920
11838,7ao9,6.1,0.014,E,3.0,0.49,85950
11838,7ao9,6.1,0.014,A,4.0,0.45,49949
11838,7ao9,6.1,0.014,B,5.0,0.49,85942
12051,7b5y,7.1,0.0232,C,1.0,0.25,70440
12051,7b5y,7.1,0.0232,A,2.0,0.27,70442
12051,7b5y,7.1,0.0232,B,3.0,0.28,70981
12051,7b5y,7.1,0.0232,D,4.0,0.23,70880
12051,7b5y,7.1,0.0232,E,5.0,0.31,48361
12051,7b5y,7.1,0.0232,F,6.0,0.33,47770
12312,7ngc,7.5,0.26,A,1.0,0.49,247414
12312,7ngc,7.5,0.26,B,2.0,0.5,250145
12312,7ngc,7.5,0.26,C,3.0,0.5,250082
12312,7ngc,7.5,0.26,D,4.0,0.52,246045
12312,7ngc,7.5,0.26,E,5.0,0.51,246857
12312,7ngc,7.5,0.26,F,6.0,0.5,249370
12312,7ngc,7.5,0.26,G,7.0,0.39,13556
12363,7nir,6.7,0.601,A,1.0,0.33,210829
12363,7nir,6.7,0.601,B,2.0,0.36,204038
12363,7nir,6.7,0.601,C,3.0,0.34,83686
12363,7nir,6.7,0.601,E,4.0,0.23,8738
12363,7nir,6.7,0.601,D,5.0,0.48,14688
12363,7nir,6.7,0.601,F,6.0,0.36,28400
13073,7ou2,4.8,0.0665,A,1.0,0.58,143694
13073,7ou2,4.8,0.0665,B,2.0,0.64,128663
13116,7oyg,5.5,0.5,A,1.0,0.66,178639
13116,7oyg,5.5,0.5,B,2.0,0.46,20543
13116,7oyg,5.5,0.5,C,3.0,0.35,15530
13116,7oyg,5.5,0.5,P,4.0,0.79,7705
13116,7oyg,5.5,0.5,T,5.0,0.83,9381
13116,7oyg,5.5,0.5,D,6.0,0.66,178626
13116,7oyg,5.5,0.5,E,7.0,0.41,20520
13116,7oyg,5.5,0.5,F,8.0,0.31,15523
13116,7oyg,5.5,0.5,G,9.0,0.64,7716
13116,7oyg,5.5,0.5,H,10.0,0.88,9386
13187,7p3x,9.1,0.015,A,1.0,0.22,202600
13187,7p3x,9.1,0.015,B,2.0,0.3,204013
13187,7p3x,9.1,0.015,S,3.0,0.18,64881
13187,7p3x,9.1,0.015,M,4.0,0.31,139636
13319,7pcf,5.82,0.01,A,1.0,0.5,27064
13319,7pcf,5.82,0.01,B,2.0,0.49,28257
13319,7pcf,5.82,0.01,E,3.0,0.54,66959
13319,7pcf,5.82,0.01,F,4.0,0.54,66715
13365,7pf2,5.1,0.0215,K,1.0,0.44,25520
13365,7pf2,5.1,0.0215,L,2.0,0.37,20848
13365,7pf2,5.1,0.0215,M,3.0,0.35,26731
13365,7pf2,5.1,0.0215,N,4.0,0.33,23886
13365,7pf2,5.1,0.0215,O,5.0,0.41,25647
13365,7pf2,5.1,0.0215,P,6.0,0.47,20909
13365,7pf2,5.1,0.0215,Q,7.0,0.43,26896
13365,7pf2,5.1,0.0215,R,8.0,0.4,23832
13365,7pf2,5.1,0.0215,A,9.0,0.39,25455
13365,7pf2,5.1,0.0215,B,10.0,0.4,20887
13365,7pf2,5.1,0.0215,C,11.0,0.44,26563
13365,7pf2,5.1,0.0215,D,12.0,0.37,23565
13365,7pf2,5.1,0.0215,E,13.0,0.4,25617
13365,7pf2,5.1,0.0215,F,14.0,0.39,20895
13365,7pf2,5.1,0.0215,G,15.0,0.34,26691
13365,7pf2,5.1,0.0215,H,16.0,0.33,23451
13365,7pf2,5.1,0.0215,U,17.0,0.37,16908
13365,7pf2,5.1,0.0215,I,18.0,0.42,211105
13365,7pf2,5.1,0.0215,J,19.0,0.43,212754
13371,7pfc,6.4,0.043,A,1.0,0.63,34376
13371,7pfc,6.4,0.043,B,2.0,0.48,28076
13371,7pfc,6.4,0.043,C,3.0,0.52,36387
13371,7pfc,6.4,0.043,D,4.0,0.48,31804
13371,7pfc,6.4,0.043,E,5.0,0.59,34426
13371,7pfc,6.4,0.043,F,6.0,0.57,28334
13371,7pfc,6.4,0.043,G,7.0,0.44,36657
13371,7pfc,6.4,0.043,H,8.0,0.4,32031
13371,7pfc,6.4,0.043,J,9.0,0.55,302224
13371,7pfc,6.4,0.043,I,10.0,0.55,298870
13371,7pfc,6.4,0.043,U,11.0,0.41,21836
13371,7pfc,6.4,0.043,K,12.0,0.58,34067
13371,7pfc,6.4,0.043,L,13.0,0.62,28178
13371,7pfc,6.4,0.043,M,14.0,0.56,36354
13371,7pfc,6.4,0.043,N,15.0,0.52,32133
13371,7pfc,6.4,0.043,O,16.0,0.58,34428
13371,7pfc,6.4,0.043,P,17.0,0.46,28213
13371,7pfc,6.4,0.043,Q,18.0,0.41,36704
13371,7pfc,6.4,0.043,R,19.0,0.47,31865
13378,7pfp,6.1,0.006,A,1.0,0.72,154074
13378,7pfp,6.1,0.006,B,2.0,0.79,42533
13378,7pfp,6.1,0.006,C,3.0,0.73,112506
13380,7pfu,5.0,0.0436,A,1.0,0.56,24600
13380,7pfu,5.0,0.0436,B,2.0,0.52,20192
13380,7pfu,5.0,0.0436,C,3.0,0.57,25941
13380,7pfu,5.0,0.0436,D,4.0,0.53,22779
13380,7pfu,5.0,0.0436,E,5.0,0.65,24724
13380,7pfu,5.0,0.0436,F,6.0,0.63,20445
13380,7pfu,5.0,0.0436,G,7.0,0.52,26202
13380,7pfu,5.0,0.0436,H,8.0,0.46,22836
13380,7pfu,5.0,0.0436,U,9.0,0.44,16197
13380,7pfu,5.0,0.0436,K,10.0,0.62,24584
13380,7pfu,5.0,0.0436,L,11.0,0.64,20159
13380,7pfu,5.0,0.0436,M,12.0,0.58,26086
13380,7pfu,5.0,0.0436,N,13.0,0.5,22855
13380,7pfu,5.0,0.0436,O,14.0,0.57,24767
13380,7pfu,5.0,0.0436,P,15.0,0.49,20243
13380,7pfu,5.0,0.0436,Q,16.0,0.52,26126
13380,7pfu,5.0,0.0436,R,17.0,0.5,22636
13380,7pfu,5.0,0.0436,I,18.0,0.58,211126
13380,7pfu,5.0,0.0436,J,19.0,0.57,212661
13380,7pfu,5.0,0.0436,S,20.0,0.56,16137
13386,7pg2,6.7,0.125,A,1.0,0.45,212661
13386,7pg2,6.7,0.125,B,2.0,0.48,229472
13386,7pg2,6.7,0.125,C,3.0,0.71,8308
13386,7pg2,6.7,0.125,D,4.0,0.54,11089
13386,7pg2,6.7,0.125,E,5.0,0.62,8455
13386,7pg2,6.7,0.125,F,6.0,0.31,9558
13386,7pg2,6.7,0.125,I,7.0,0.19,8306
13386,7pg2,6.7,0.125,J,8.0,0.1,9616
13387,7pg3,7.3,0.125,A,1.0,0.51,232744
13387,7pg3,7.3,0.125,B,2.0,0.51,246384
13387,7pg3,7.3,0.125,C,3.0,0.82,9762
13387,7pg3,7.3,0.125,D,4.0,0.68,12402
13387,7pg3,7.3,0.125,E,5.0,0.65,10156
13387,7pg3,7.3,0.125,F,6.0,0.26,11064
13387,7pg3,7.3,0.125,I,7.0,0.44,9930
13387,7pg3,7.3,0.125,J,8.0,0.24,11262
13388,7pg4,9.1,0.125,A,1.0,0.41,285593
13388,7pg4,9.1,0.125,B,2.0,0.45,299900
13388,7pg4,9.1,0.125,C,3.0,0.66,13468
13388,7pg4,9.1,0.125,D,4.0,0.49,17500
13388,7pg4,9.1,0.125,I,5.0,0.13,14326
13388,7pg4,9.1,0.125,J,6.0,0.12,15311
13442,7pim,4.6,0.0042,B,1.0,0.62,65759
13442,7pim,4.6,0.0042,G,2.0,0.51,3916
13442,7pim,4.6,0.0042,A,3.0,0.62,65778
13442,7pim,4.6,0.0042,C,4.0,0.53,3949
13442,7pim,4.6,0.0042,D,5.0,0.62,65821
13442,7pim,4.6,0.0042,E,6.0,0.44,3911
13442,7pim,4.6,0.0042,F,7.0,0.62,65853
13442,7pim,4.6,0.0042,H,8.0,0.49,3935
13826,7q55,5.7,0.012,O,1.0,0.54,74523
13826,7q55,5.7,0.012,P,2.0,0.62,67541
13826,7q55,5.7,0.012,Q,3.0,0.52,74969
13826,7q55,5.7,0.012,R,4.0,0.58,67744
13826,7q55,5.7,0.012,A,5.0,0.55,74863
13826,7q55,5.7,0.012,B,6.0,0.61,67123
13826,7q55,5.7,0.012,C,7.0,0.53,75484
13826,7q55,5.7,0.012,D,8.0,0.58,67279
13826,7q55,5.7,0.012,E,9.0,0.56,74911
13826,7q55,5.7,0.012,F,10.0,0.62,67418
13826,7q55,5.7,0.012,G,11.0,0.52,74154
13826,7q55,5.7,0.012,H,12.0,0.58,67688
13826,7q55,5.7,0.012,I,13.0,0.54,75378
13826,7q55,5.7,0.012,J,14.0,0.63,67172
13826,7q55,5.7,0.012,K,15.0,0.52,75747
13826,7q55,5.7,0.012,L,16.0,0.6,67291
13827,7q56,7.1,0.0125,I,1.0,0.48,91920
13827,7q56,7.1,0.0125,J,2.0,0.53,80780
13827,7q56,7.1,0.0125,K,3.0,0.49,91205
13827,7q56,7.1,0.0125,L,4.0,0.52,81093
13827,7q56,7.1,0.0125,A,5.0,0.48,91617
13827,7q56,7.1,0.0125,B,6.0,0.55,80776
13827,7q56,7.1,0.0125,C,7.0,0.48,90765
13827,7q56,7.1,0.0125,D,8.0,0.55,80750
13827,7q56,7.1,0.0125,Q,9.0,0.48,91826
13827,7q56,7.1,0.0125,R,10.0,0.53,81797
13827,7q56,7.1,0.0125,O,11.0,0.5,91119
13827,7q56,7.1,0.0125,P,12.0,0.53,80531
13827,7q56,7.1,0.0125,G,13.0,0.5,91292
13827,7q56,7.1,0.0125,H,14.0,0.53,82518
13827,7q56,7.1,0.0125,E,15.0,0.49,91304
13827,7q56,7.1,0.0125,F,16.0,0.55,79887
14342,7ywh,8.0,0.79,A,1.0,0.2,71793
14342,7ywh,8.0,0.79,B,2.0,0.22,66501
14342,7ywh,8.0,0.79,C,3.0,0.21,66135
14342,7ywh,8.0,0.79,D,4.0,0.17,70358
14342,7ywh,8.0,0.79,E,5.0,0.16,70785
14342,7ywh,8.0,0.79,F,6.0,0.19,71721
14343,7ywi,8.0,0.79,A,1.0,0.34,69141
14343,7ywi,8.0,0.79,B,2.0,0.36,67712
14343,7ywi,8.0,0.79,C,3.0,0.36,67253
14343,7ywi,8.0,0.79,D,4.0,0.37,67611
14343,7ywi,8.0,0.79,E,5.0,0.35,69324
14343,7ywi,8.0,0.79,F,6.0,0.35,68469
14344,7ywl,8.0,0.79,A,1.0,0.35,67125
14344,7ywl,8.0,0.79,B,2.0,0.33,68041
14344,7ywl,8.0,0.79,C,3.0,0.35,66145
14344,7ywl,8.0,0.79,D,4.0,0.34,68437
14344,7ywl,8.0,0.79,E,5.0,0.32,70780
14344,7ywl,8.0,0.79,F,6.0,0.33,68159
14345,7ywn,8.0,0.79,A,1.0,0.36,68210
14345,7ywn,8.0,0.79,B,2.0,0.34,66834
14345,7ywn,8.0,0.79,C,3.0,0.36,66295
14345,7ywn,8.0,0.79,D,4.0,0.36,68020
14345,7ywn,8.0,0.79,E,5.0,0.34,68816
14345,7ywn,8.0,0.79,F,6.0,0.36,67923
14346,7ywo,8.0,0.79,A,1.0,0.34,68082
14346,7ywo,8.0,0.79,B,2.0,0.34,67249
14346,7ywo,8.0,0.79,C,3.0,0.33,66565
14346,7ywo,8.0,0.79,D,4.0,0.33,69136
14346,7ywo,8.0,0.79,E,5.0,0.31,69599
14346,7ywo,8.0,0.79,F,6.0,0.36,66977
15221,8a7e,5.02,1.7,P,1.0,0.85,35022
15221,8a7e,5.02,1.7,C,2.0,0.86,307365
15221,8a7e,5.02,1.7,A,3.0,0.86,35201
15221,8a7e,5.02,1.7,Q,4.0,0.86,307295
15575,8apm,6.6,0.005,A,1.0,0.67,95739
15575,8apm,6.6,0.005,E,2.0,0.57,120256
15575,8apm,6.6,0.005,D,3.0,0.61,120287
15575,8apm,6.6,0.005,B,4.0,0.68,120220
15575,8apm,6.6,0.005,C,5.0,0.66,120213
15575,8apm,6.6,0.005,F,6.0,0.64,95797
15575,8apm,6.6,0.005,X,7.0,0.57,8221
15575,8apm,6.6,0.005,Y,8.0,0.72,8412
15668,8atx,7.0,0.0035,A,1.0,0.4,764811
15668,8atx,7.0,0.0035,B,2.0,0.39,764842
16914,8ojj,5.47,0.27,A,1.0,0.27,30249
16914,8ojj,5.47,0.27,B,2.0,0.28,30256
16914,8ojj,5.47,0.27,C,3.0,0.28,30243
16914,8ojj,5.47,0.27,D,4.0,0.29,30256
20437,6ppi,4.7,0.0145,A,1.0,0.16,90013
20437,6ppi,4.7,0.0145,B,2.0,0.16,90126
20437,6ppi,4.7,0.0145,C,3.0,0.16,90127
20437,6ppi,4.7,0.0145,D,4.0,0.16,90127
20437,6ppi,4.7,0.0145,E,5.0,0.16,90102
20437,6ppi,4.7,0.0145,F,6.0,0.16,90167
20437,6ppi,4.7,0.0145,G,7.0,0.16,90176
20437,6ppi,4.7,0.0145,H,8.0,0.16,90072
20437,6ppi,4.7,0.0145,I,9.0,0.16,90027
20437,6ppi,4.7,0.0145,J,10.0,0.16,90057
20437,6ppi,4.7,0.0145,K,11.0,0.16,90080
20437,6ppi,4.7,0.0145,L,12.0,0.16,90075
20495,6pvo,5.18,0.0148,A,1.0,0.27,153236
20495,6pvo,5.18,0.0148,B,2.0,0.27,153170
20495,6pvo,5.18,0.0148,C,3.0,0.27,153238
20495,6pvo,5.18,0.0148,D,4.0,0.27,153199
20613,6u1s,7.6,0.009,A,1.0,0.34,100218
20613,6u1s,7.6,0.009,B,2.0,0.34,100249
20613,6u1s,7.6,0.009,D,3.0,0.35,100245
20613,6u1s,7.6,0.009,F,4.0,0.35,100253
20613,6u1s,7.6,0.009,H,5.0,0.34,100245
20613,6u1s,7.6,0.009,J,6.0,0.33,100254
20613,6u1s,7.6,0.009,L,7.0,0.33,100230
20613,6u1s,7.6,0.009,N,8.0,0.33,100247
20664,6u6e,6.3,0.008,A,1.0,0.39,64890
20664,6u6e,6.3,0.008,D,2.0,0.4,65129
20664,6u6e,6.3,0.008,B,3.0,0.39,68194
20664,6u6e,6.3,0.008,C,4.0,0.39,65080
20664,6u6e,6.3,0.008,H,5.0,0.41,47460
20664,6u6e,6.3,0.008,G,6.0,0.42,47521
20664,6u6e,6.3,0.008,F,7.0,0.4,47470
20664,6u6e,6.3,0.008,E,8.0,0.41,47498
20665,6u6h,5.0,0.008,A,1.0,0.45,48772
20665,6u6h,5.0,0.008,C,2.0,0.44,48753
20665,6u6h,5.0,0.008,B,3.0,0.44,48818
20665,6u6h,5.0,0.008,D,4.0,0.44,48852
20665,6u6h,5.0,0.008,H,5.0,0.47,35985
20665,6u6h,5.0,0.008,G,6.0,0.48,35998
20665,6u6h,5.0,0.008,F,7.0,0.48,35951
20665,6u6h,5.0,0.008,E,8.0,0.49,35934
20689,6u8q,4.67,0.009,A,1.0,0.53,57389
20689,6u8q,4.67,0.009,B,2.0,0.5,55730
20689,6u8q,4.67,0.009,E,3.0,0.65,14007
20689,6u8q,4.67,0.009,F,4.0,0.64,12907
20689,6u8q,4.67,0.009,C,5.0,0.52,57374
20689,6u8q,4.67,0.009,D,6.0,0.5,55481
20689,6u8q,4.67,0.009,G,7.0,0.66,14025
20689,6u8q,4.67,0.009,H,8.0,0.62,12996
20689,6u8q,4.67,0.009,I,9.0,0.5,44680
20689,6u8q,4.67,0.009,J,10.0,0.52,44419
20689,6u8q,4.67,0.009,K,11.0,0.46,29399
20689,6u8q,4.67,0.009,L,12.0,0.46,29262
20689,6u8q,4.67,0.009,M,13.0,0.25,41517
20689,6u8q,4.67,0.009,N,14.0,0.07,29107
20689,6u8q,4.67,0.009,O,15.0,0.06,28843
20689,6u8q,4.67,0.009,P,16.0,0.25,40824
20916,6uvt,7.5,0.00568,A,1.0,0.42,45432
20916,6uvt,7.5,0.00568,K,2.0,0.41,45445
20916,6uvt,7.5,0.00568,L,3.0,0.43,45437
20916,6uvt,7.5,0.00568,B,4.0,0.42,45404
20916,6uvt,7.5,0.00568,H,5.0,0.41,45466
20916,6uvt,7.5,0.00568,C,6.0,0.42,45442
20916,6uvt,7.5,0.00568,I,7.0,0.42,45462
20916,6uvt,7.5,0.00568,D,8.0,0.41,45466
20916,6uvt,7.5,0.00568,J,9.0,0.43,45445
20916,6uvt,7.5,0.00568,E,10.0,0.43,45464
20916,6uvt,7.5,0.00568,F,11.0,0.42,45470
20916,6uvt,7.5,0.00568,G,12.0,0.42,45463
20930,6ux7,6.7,0.004,A,1.0,0.48,69526
20930,6ux7,6.7,0.004,E,2.0,0.48,50824
20930,6ux7,6.7,0.004,C,3.0,0.49,69567
20930,6ux7,6.7,0.004,G,4.0,0.5,50862
20930,6ux7,6.7,0.004,B,5.0,0.48,69472
20930,6ux7,6.7,0.004,F,6.0,0.47,50663
20930,6ux7,6.7,0.004,D,7.0,0.49,69473
20930,6ux7,6.7,0.004,H,8.0,0.47,50662
20931,6uxa,4.5,0.005,A,1.0,0.47,41935
20931,6uxa,4.5,0.005,E,2.0,0.54,31026
20931,6uxa,4.5,0.005,C,3.0,0.5,41933
20931,6uxa,4.5,0.005,G,4.0,0.52,31044
20931,6uxa,4.5,0.005,B,5.0,0.48,41952
20931,6uxa,4.5,0.005,F,6.0,0.51,30957
20931,6uxa,4.5,0.005,D,7.0,0.49,41956
20931,6uxa,4.5,0.005,H,8.0,0.51,30988
20932,6uxb,4.9,0.006,A,1.0,0.49,46905
20932,6uxb,4.9,0.006,E,2.0,0.54,34592
20932,6uxb,4.9,0.006,C,3.0,0.48,46836
20932,6uxb,4.9,0.006,G,4.0,0.54,34650
20932,6uxb,4.9,0.006,B,5.0,0.49,46860
20932,6uxb,4.9,0.006,F,6.0,0.54,34535
20932,6uxb,4.9,0.006,D,7.0,0.49,46857
20932,6uxb,4.9,0.006,H,8.0,0.54,34508
21151,6vdk,4.5,0.009,A,1.0,0.48,53899
21151,6vdk,4.5,0.009,B,2.0,0.48,52471
21151,6vdk,4.5,0.009,C,3.0,0.5,54021
21151,6vdk,4.5,0.009,D,4.0,0.46,52079
21151,6vdk,4.5,0.009,E,5.0,0.6,13907
21151,6vdk,4.5,0.009,F,6.0,0.55,12973
21151,6vdk,4.5,0.009,G,7.0,0.64,13912
21151,6vdk,4.5,0.009,H,8.0,0.53,12980
21151,6vdk,4.5,0.009,I,9.0,0.53,12493
21151,6vdk,4.5,0.009,J,10.0,0.52,12198
21151,6vdk,4.5,0.009,M,11.0,0.53,10691
21151,6vdk,4.5,0.009,P,12.0,0.46,10295
21454,6vy0,6.68,0.0166,A,1.0,0.38,88846
21454,6vy0,6.68,0.0166,B,2.0,0.38,88932
21454,6vy0,6.68,0.0166,C,3.0,0.38,88885
21454,6vy0,6.68,0.0166,D,4.0,0.38,88896
21661,6wg7,8.3,0.25,A,1.0,0.51,47362
21661,6wg7,8.3,0.25,B,2.0,0.49,47213
21661,6wg7,8.3,0.25,C,3.0,0.34,90097
21661,6wg7,8.3,0.25,D,4.0,0.36,86084
21661,6wg7,8.3,0.25,E,5.0,0.35,90080
21661,6wg7,8.3,0.25,G,6.0,0.42,86025
21661,6wg7,8.3,0.25,F,7.0,0.56,90096
21661,6wg7,8.3,0.25,H,8.0,0.39,85981
21693,6wjg,6.2,0.678,A,1.0,0.24,89426
21693,6wjg,6.2,0.678,B,2.0,0.25,89036
21693,6wjg,6.2,0.678,C,3.0,0.25,49343
21693,6wjg,6.2,0.678,D,4.0,0.26,49866
22115,6xav,7.7,0.0025,L,1.0,0.51,36368
22115,6xav,7.7,0.0025,N,2.0,0.85,34315
22115,6xav,7.7,0.0025,T,3.0,0.91,36178
22115,6xav,7.7,0.0025,R,4.0,0.98,13783
22115,6xav,7.7,0.0025,W,5.0,0.98,23329
22115,6xav,7.7,0.0025,K,6.0,0.93,93867
22115,6xav,7.7,0.0025,H,7.0,0.9,75735
22115,6xav,7.7,0.0025,I,8.0,0.75,398935
22115,6xav,7.7,0.0025,J,9.0,0.88,416756
22115,6xav,7.7,0.0025,G,10.0,0.82,67916
22115,6xav,7.7,0.0025,C,11.0,0.73,129293
22115,6xav,7.7,0.0025,A,12.0,0.71,110826
22115,6xav,7.7,0.0025,B,13.0,0.62,127132
22115,6xav,7.7,0.0025,D,14.0,0.88,129770
22115,6xav,7.7,0.0025,E,15.0,0.87,128436
22115,6xav,7.7,0.0025,F,16.0,0.87,109773
22206,6xjd,6.8,0.0053,A,1.0,0.56,38122
22206,6xjd,6.8,0.0053,B,2.0,0.61,29467
22206,6xjd,6.8,0.0053,C,3.0,0.56,39695
22206,6xjd,6.8,0.0053,D,4.0,0.52,34869
22206,6xjd,6.8,0.0053,E,5.0,0.53,38056
22206,6xjd,6.8,0.0053,F,6.0,0.45,29778
22206,6xjd,6.8,0.0053,G,7.0,0.49,38876
22206,6xjd,6.8,0.0053,H,8.0,0.5,34208
22206,6xjd,6.8,0.0053,I,9.0,0.55,138069
22206,6xjd,6.8,0.0053,J,10.0,0.55,139053
22206,6xjd,6.8,0.0053,K,11.0,0.28,100357
22206,6xjd,6.8,0.0053,L,12.0,0.47,100321
22423,7jpu,5.0,0.009,A,1.0,0.5,251233
22423,7jpu,5.0,0.009,B,2.0,0.5,252129
22423,7jpu,5.0,0.009,C,3.0,0.5,250987
22423,7jpu,5.0,0.009,D,4.0,0.5,252024
22754,7k9l,4.9,0.0247,B,1.0,0.22,67542
22754,7k9l,4.9,0.0247,A,2.0,0.23,67546
22754,7k9l,4.9,0.0247,C,3.0,0.23,67539
22754,7k9l,4.9,0.0247,D,4.0,0.23,67539
23014,7ks0,5.3,0.367,A,1.0,0.36,145553
23014,7ks0,5.3,0.367,B,2.0,0.38,144921
23014,7ks0,5.3,0.367,C,3.0,0.37,145632
23014,7ks0,5.3,0.367,D,4.0,0.39,145164
23064,7kxj,6.4,0.24,A,1.0,0.57,265124
23064,7kxj,6.4,0.24,B,2.0,0.58,263386
23064,7kxj,6.4,0.24,C,3.0,0.54,262983
23064,7kxj,6.4,0.24,L,4.0,0.71,56117
23064,7kxj,6.4,0.24,H,5.0,0.47,56055
23064,7kxj,6.4,0.24,M,6.0,0.54,55746
23064,7kxj,6.4,0.24,I,7.0,0.66,55841
23064,7kxj,6.4,0.24,N,8.0,0.38,57005
23064,7kxj,6.4,0.24,J,9.0,0.4,55651
23530,7lv9,4.5,5.06,B,1.0,0.89,20205
23530,7lv9,4.5,5.06,A,2.0,0.79,21592
23530,7lv9,4.5,5.06,D,3.0,0.75,18201
23530,7lv9,4.5,5.06,C,4.0,0.72,18852
23530,7lv9,4.5,5.06,F,5.0,0.82,20417
23530,7lv9,4.5,5.06,E,6.0,0.77,21529
23530,7lv9,4.5,5.06,G,7.0,0.68,49309
23530,7lv9,4.5,5.06,H,8.0,0.68,50074
2387,4bpq,6.0,46.2,A,1.0,0.22,58977
2387,4bpq,6.0,46.2,B,2.0,0.22,61155
24425,7rdr,6.5,0.26,A,1.0,0.39,120700
24425,7rdr,6.5,0.26,B,2.0,0.4,120652
24425,7rdr,6.5,0.26,C,3.0,0.39,120702
24566,7rmf,7.3,0.355,W,1.0,0.05,151851
24566,7rmf,7.3,0.355,B,2.0,0.05,151898
24566,7rmf,7.3,0.355,C,3.0,0.23,152144
24566,7rmf,7.3,0.355,A,4.0,0.23,152124
24566,7rmf,7.3,0.355,J,5.0,0.23,152053
24566,7rmf,7.3,0.355,F,6.0,0.23,152103
24566,7rmf,7.3,0.355,H,7.0,0.05,152013
24566,7rmf,7.3,0.355,D,8.0,0.05,151995
24566,7rmf,7.3,0.355,K,9.0,0.31,152082
24566,7rmf,7.3,0.355,G,10.0,0.3,152082
24566,7rmf,7.3,0.355,I,11.0,0.3,152070
24566,7rmf,7.3,0.355,E,12.0,0.31,152098
24575,7rmk,6.6,0.3,R,1.0,0.43,140055
24575,7rmk,6.6,0.3,K,2.0,0.44,140022
24575,7rmk,6.6,0.3,L,3.0,0.48,139976
24575,7rmk,6.6,0.3,M,4.0,0.5,139985
24575,7rmk,6.6,0.3,Y,5.0,0.37,140080
24575,7rmk,6.6,0.3,I,6.0,0.35,140041
24575,7rmk,6.6,0.3,P,7.0,0.41,139932
24575,7rmk,6.6,0.3,U,8.0,0.39,140040
24575,7rmk,6.6,0.3,D,9.0,0.39,140007
24575,7rmk,6.6,0.3,A,10.0,0.39,140001
24575,7rmk,6.6,0.3,B,11.0,0.36,140044
24575,7rmk,6.6,0.3,C,12.0,0.39,140018
24575,7rmk,6.6,0.3,Z,13.0,0.4,140001
24575,7rmk,6.6,0.3,J,14.0,0.35,140044
24575,7rmk,6.6,0.3,Q,15.0,0.4,140071
24575,7rmk,6.6,0.3,V,16.0,0.38,140014
24575,7rmk,6.6,0.3,H,17.0,0.41,139957
24575,7rmk,6.6,0.3,E,18.0,0.4,139997
24575,7rmk,6.6,0.3,F,19.0,0.36,140021
24575,7rmk,6.6,0.3,G,20.0,0.36,140020
24575,7rmk,6.6,0.3,a,21.0,0.52,140007
24575,7rmk,6.6,0.3,N,22.0,0.46,140003
24575,7rmk,6.6,0.3,S,23.0,0.45,139957
24575,7rmk,6.6,0.3,W,24.0,0.42,140060
24575,7rmk,6.6,0.3,b,25.0,0.49,139972
24575,7rmk,6.6,0.3,O,26.0,0.5,140031
24575,7rmk,6.6,0.3,T,27.0,0.52,140012
24575,7rmk,6.6,0.3,X,28.0,0.47,140047
24578,7rmv,6.7,0.0158,A,1.0,0.12,142972
24578,7rmv,6.7,0.0158,B,2.0,0.11,143011
24578,7rmv,6.7,0.0158,C,3.0,0.26,142934
24578,7rmv,6.7,0.0158,D,4.0,0.25,142970
24578,7rmv,6.7,0.0158,E,5.0,0.26,142942
24578,7rmv,6.7,0.0158,F,6.0,0.25,142921
24578,7rmv,6.7,0.0158,G,7.0,0.12,143039
24578,7rmv,6.7,0.0158,H,8.0,0.11,143008
2526,4chv,7.0,2.3,A,1.0,0.19,105038
2526,4chv,7.0,2.3,B,2.0,0.21,105334
2526,4chv,7.0,2.3,C,3.0,0.2,105122
2526,4chv,7.0,2.3,D,4.0,0.19,104982
2527,4chw,7.0,2.3,A,1.0,0.19,105868
2527,4chw,7.0,2.3,B,2.0,0.19,105684
2527,4chw,7.0,2.3,C,3.0,0.19,105884
2527,4chw,7.0,2.3,D,4.0,0.18,105900
26547,7uik,7.7,0.008,X,1.0,0.44,45327
26547,7uik,7.7,0.008,Y,2.0,0.43,44338
26547,7uik,7.7,0.008,T,3.0,0.46,42403
26547,7uik,7.7,0.008,U,4.0,0.46,41808
26547,7uik,7.7,0.008,o,5.0,0.8,46119
26547,7uik,7.7,0.008,b,6.0,0.88,28628
26547,7uik,7.7,0.008,c,7.0,0.8,46049
26547,7uik,7.7,0.008,n,8.0,0.69,77742
26547,7uik,7.7,0.008,e,9.0,0.78,228259
26547,7uik,7.7,0.008,p,10.0,0.87,264249
26563,7ujj,6.5,0.73,G,1.0,0.41,45917
26563,7ujj,6.5,0.73,A,2.0,0.37,70453
26563,7ujj,6.5,0.73,B,3.0,0.29,20019
26563,7ujj,6.5,0.73,C,4.0,0.33,20190
26563,7ujj,6.5,0.73,D,5.0,0.3,19866
26563,7ujj,6.5,0.73,E,6.0,0.41,20113
26563,7ujj,6.5,0.73,F,7.0,0.42,20263
27726,8dut,7.4,0.403,A,1.0,0.61,51438
27726,8dut,7.4,0.403,B,2.0,0.66,49921
28536,8eqb,6.5,0.014,A,1.0,0.23,33002
28536,8eqb,6.5,0.014,B,2.0,0.23,52324
28536,8eqb,6.5,0.014,C,3.0,0.2,45771
28536,8eqb,6.5,0.014,D,4.0,0.23,33026
28536,8eqb,6.5,0.014,E,5.0,0.23,52312
28536,8eqb,6.5,0.014,F,6.0,0.2,45752
28536,8eqb,6.5,0.014,G,7.0,0.22,32991
28536,8eqb,6.5,0.014,H,8.0,0.23,52335
28536,8eqb,6.5,0.014,I,9.0,0.2,45773
28536,8eqb,6.5,0.014,J,10.0,0.23,33029
28536,8eqb,6.5,0.014,K,11.0,0.23,52308
28536,8eqb,6.5,0.014,L,12.0,0.19,45754
29044,8ffj,7.5,0.5,X,1.0,0.63,186532
29044,8ffj,7.5,0.5,J,2.0,0.74,64911
29044,8ffj,7.5,0.5,Q,3.0,0.62,65470
29044,8ffj,7.5,0.5,I,4.0,0.64,36193
29880,8g9w,4.66,0.27,B,1.0,0.7,28756
29880,8g9w,4.66,0.27,D,2.0,0.68,28720
29880,8g9w,4.66,0.27,E,3.0,0.71,91593
29880,8g9w,4.66,0.27,G,4.0,0.73,91949
29880,8g9w,4.66,0.27,H,5.0,0.8,22663
29880,8g9w,4.66,0.27,L,6.0,0.8,19716
29880,8g9w,4.66,0.27,O,7.0,0.68,28693
29880,8g9w,4.66,0.27,P,8.0,0.73,91837
30239,7by0,4.5,0.02,A,1.0,0.35,22967
30239,7by0,4.5,0.02,B,2.0,0.33,16757
30239,7by0,4.5,0.02,C,3.0,0.35,22601
30239,7by0,4.5,0.02,D,4.0,0.36,19583
30239,7by0,4.5,0.02,E,5.0,0.35,22888
30239,7by0,4.5,0.02,F,6.0,0.36,16819
30239,7by0,4.5,0.02,G,7.0,0.36,22651
30239,7by0,4.5,0.02,H,8.0,0.35,19691
30239,7by0,4.5,0.02,I,9.0,0.58,72589
30239,7by0,4.5,0.02,J,10.0,0.58,73301
30239,7by0,4.5,0.02,K,11.0,0.33,10414
30239,7by0,4.5,0.02,L,12.0,0.35,10473
30641,7dcx,5.9,0.66,A,1.0,0.54,55959
30641,7dcx,5.9,0.66,B,2.0,0.34,54920
30641,7dcx,5.9,0.66,D,3.0,0.53,263426
30641,7dcx,5.9,0.66,E,4.0,0.45,56742
30641,7dcx,5.9,0.66,F,5.0,0.37,54944
30641,7dcx,5.9,0.66,G,6.0,0.46,48690
30641,7dcx,5.9,0.66,H,7.0,0.31,55973
30641,7dcx,5.9,0.66,K,8.0,0.53,265220
30641,7dcx,5.9,0.66,C,9.0,0.53,265262
30642,7dd2,5.6,0.9,C,1.0,0.45,258333
30642,7dd2,5.6,0.9,D,2.0,0.48,257102
30642,7dd2,5.6,0.9,E,3.0,0.39,54964
30642,7dd2,5.6,0.9,H,4.0,0.31,53980
30642,7dd2,5.6,0.9,K,5.0,0.46,259095
30642,7dd2,5.6,0.9,A,6.0,0.46,54651
30642,7dd2,5.6,0.9,B,7.0,0.33,53395
30649,7dd8,7.5,0.86,A,1.0,0.48,73708
30649,7dd8,7.5,0.86,B,2.0,0.16,70390
30649,7dd8,7.5,0.86,C,3.0,0.48,334831
30649,7dd8,7.5,0.86,D,4.0,0.37,329123
30649,7dd8,7.5,0.86,E,5.0,0.58,328879
30705,7dk7,9.7,0.75,e,1.0,0.27,15041
30705,7dk7,9.7,0.75,f,2.0,0.36,55153
30705,7dk7,9.7,0.75,A,3.0,0.49,425550
30705,7dk7,9.7,0.75,B,4.0,0.45,423806
30705,7dk7,9.7,0.75,a,5.0,0.43,89693
30705,7dk7,9.7,0.75,b,6.0,0.5,91824
30705,7dk7,9.7,0.75,c,7.0,0.41,90119
30705,7dk7,9.7,0.75,d,8.0,0.45,92554
30705,7dk7,9.7,0.75,C,9.0,0.5,423388
30997,7e6u,6.0,0.0104,A,1.0,0.52,197603
30997,7e6u,6.0,0.0104,D,2.0,0.51,30101
30997,7e6u,6.0,0.0104,C,3.0,0.53,197425
30997,7e6u,6.0,0.0104,B,4.0,0.51,29581
31019,7e8h,4.5,0.0072,J,1.0,0.59,140648
31019,7e8h,4.5,0.0072,I,2.0,0.59,140952
31019,7e8h,4.5,0.0072,F,3.0,0.14,36172
31019,7e8h,4.5,0.0072,B,4.0,0.42,92180
31019,7e8h,4.5,0.0072,E,5.0,0.1,37091
31019,7e8h,4.5,0.0072,A,6.0,0.42,93005
31019,7e8h,4.5,0.0072,L,7.0,0.59,140658
31019,7e8h,4.5,0.0072,K,8.0,0.59,140870
31019,7e8h,4.5,0.0072,H,9.0,0.13,36224
31019,7e8h,4.5,0.0072,D,10.0,0.42,92119
31019,7e8h,4.5,0.0072,G,11.0,0.09,37084
31019,7e8h,4.5,0.0072,C,12.0,0.41,93015
31721,7v59,5.26,0.217,B,1.0,0.38,290565
31721,7v59,5.26,0.217,E,2.0,0.38,290561
31721,7v59,5.26,0.217,C,3.0,0.61,70414
31721,7v59,5.26,0.217,D,4.0,0.51,32970
31721,7v59,5.26,0.217,G,5.0,0.59,70420
31721,7v59,5.26,0.217,H,6.0,0.53,32919
32114,7vsr,4.5,0.018,A,1.0,0.37,58615
32114,7vsr,4.5,0.018,B,2.0,0.41,57627
32114,7vsr,4.5,0.018,C,3.0,0.42,57999
32114,7vsr,4.5,0.018,D,4.0,0.36,57387
32114,7vsr,4.5,0.018,E,5.0,0.31,57044
32114,7vsr,4.5,0.018,F,6.0,0.29,56784
32114,7vsr,4.5,0.018,G,7.0,0.36,58342
32114,7vsr,4.5,0.018,H,8.0,0.41,57437
32114,7vsr,4.5,0.018,I,9.0,0.43,57647
32114,7vsr,4.5,0.018,J,10.0,0.38,57049
32114,7vsr,4.5,0.018,K,11.0,0.31,56925
32114,7vsr,4.5,0.018,L,12.0,0.29,56860
32114,7vsr,4.5,0.018,M,13.0,0.31,60543
32114,7vsr,4.5,0.018,N,14.0,0.32,60551
33506,7xxl,7.3,0.13,C,1.0,0.49,62098
33506,7xxl,7.3,0.13,A,2.0,0.6,69110
33506,7xxl,7.3,0.13,B,3.0,0.58,59269
33602,7y46,7.2,0.006,C,1.0,0.29,280012
33602,7y46,7.2,0.006,D,2.0,0.37,97831
33602,7y46,7.2,0.006,E,3.0,0.48,18798
33602,7y46,7.2,0.006,A,4.0,0.3,280002
33602,7y46,7.2,0.006,B,5.0,0.36,97868
33602,7y46,7.2,0.006,G,6.0,0.46,18837
33626,7y5v,6.1,0.07,A,1.0,0.61,38726
33626,7y5v,6.1,0.07,D,2.0,0.63,23167
33626,7y5v,6.1,0.07,E,3.0,0.59,16280
33626,7y5v,6.1,0.07,C,4.0,0.75,72193
33626,7y5v,6.1,0.07,B,5.0,0.64,66292
33626,7y5v,6.1,0.07,F,6.0,0.53,38742
33626,7y5v,6.1,0.07,I,7.0,0.69,23225
33626,7y5v,6.1,0.07,J,8.0,0.65,16252
33626,7y5v,6.1,0.07,H,9.0,0.72,72161
33626,7y5v,6.1,0.07,G,10.0,0.66,66265
33631,7y61,5.6,0.09,G,1.0,0.55,13186
33631,7y61,5.6,0.09,H,2.0,0.65,12315
33631,7y61,5.6,0.09,E,3.0,0.64,12641
33631,7y61,5.6,0.09,F,4.0,0.64,12793
33631,7y61,5.6,0.09,I,5.0,0.66,65392
33631,7y61,5.6,0.09,C,6.0,0.65,12682
33631,7y61,5.6,0.09,D,7.0,0.64,12404
33631,7y61,5.6,0.09,A,8.0,0.59,13132
33631,7y61,5.6,0.09,B,9.0,0.63,12274
33631,7y61,5.6,0.09,J,10.0,0.67,65345
33631,7y61,5.6,0.09,K,11.0,0.5,4581
33631,7y61,5.6,0.09,L,12.0,0.58,54431
33631,7y61,5.6,0.09,M,13.0,0.29,4540
33631,7y61,5.6,0.09,N,14.0,0.61,54643
33942,7ymt,6.55,0.25,A,1.0,0.65,305320
33942,7ymt,6.55,0.25,B,2.0,0.62,306409
33942,7ymt,6.55,0.25,C,3.0,0.66,306161
33943,7ymv,6.74,0.25,A,1.0,0.67,307747
33943,7ymv,6.74,0.25,B,2.0,0.64,307214
33943,7ymv,6.74,0.25,C,3.0,0.66,307216
33944,7ymw,6.05,0.25,A,1.0,0.79,283941
33944,7ymw,6.05,0.25,B,2.0,0.72,285989
33944,7ymw,6.05,0.25,C,3.0,0.71,286388
33947,7ymy,4.96,0.25,A,1.0,0.8,237354
33947,7ymy,4.96,0.25,B,2.0,0.78,237012
33947,7ymy,4.96,0.25,C,3.0,0.77,237616
34427,8h1c,4.5,0.17,B,1.0,0.7,192324
34427,8h1c,4.5,0.17,C,2.0,0.81,35565
34427,8h1c,4.5,0.17,A,3.0,0.77,190224
34427,8h1c,4.5,0.17,D,4.0,0.73,34992
36014,8j6t,6.6,0.07,G,1.0,0.66,17198
36014,8j6t,6.6,0.07,H,2.0,0.62,16239
36014,8j6t,6.6,0.07,E,3.0,0.71,16516
36014,8j6t,6.6,0.07,F,4.0,0.65,16608
36014,8j6t,6.6,0.07,I,5.0,0.62,83407
36014,8j6t,6.6,0.07,C,6.0,0.65,16574
36014,8j6t,6.6,0.07,D,7.0,0.62,16171
36014,8j6t,6.6,0.07,A,8.0,0.6,17210
36014,8j6t,6.6,0.07,B,9.0,0.68,16074
36014,8j6t,6.6,0.07,J,10.0,0.65,83309
36014,8j6t,6.6,0.07,K,11.0,0.2,6477
36014,8j6t,6.6,0.07,L,12.0,0.69,65203
36014,8j6t,6.6,0.07,M,13.0,0.96,6468
36014,8j6t,6.6,0.07,N,14.0,0.67,65412
3696,5nss,5.8,0.002,A,1.0,0.76,58507
3696,5nss,5.8,0.002,B,2.0,0.5,58364
3696,5nss,5.8,0.002,C,3.0,0.65,302580
3696,5nss,5.8,0.002,D,4.0,0.56,286458
3696,5nss,5.8,0.002,E,5.0,0.65,19326
3696,5nss,5.8,0.002,F,6.0,0.66,44924
3696,5nss,5.8,0.002,G,7.0,0.69,46097
3696,5nss,5.8,0.002,J,8.0,0.65,46100
3696,5nss,5.8,0.002,K,9.0,0.81,47045
3696,5nss,5.8,0.002,L,10.0,0.87,45791
3696,5nss,5.8,0.002,N,11.0,0.72,46771
3696,5nss,5.8,0.002,H,12.0,0.52,27437
3696,5nss,5.8,0.002,M,13.0,0.48,78965
3696,5nss,5.8,0.002,I,14.0,0.41,24781
3885,6el1,6.1,0.045,E,1.0,0.36,91516
3885,6el1,6.1,0.045,O,2.0,0.28,94937
3885,6el1,6.1,0.045,A,3.0,0.36,91637
3885,6el1,6.1,0.045,K,4.0,0.28,94912
3885,6el1,6.1,0.045,B,5.0,0.37,91546
3885,6el1,6.1,0.045,L,6.0,0.27,94912
3885,6el1,6.1,0.045,C,7.0,0.37,91507
3885,6el1,6.1,0.045,M,8.0,0.27,94897
3885,6el1,6.1,0.045,D,9.0,0.37,91621
3885,6el1,6.1,0.045,N,10.0,0.26,94941
3885,6el1,6.1,0.045,F,11.0,0.37,91564
3885,6el1,6.1,0.045,P,12.0,0.26,94960
3885,6el1,6.1,0.045,G,13.0,0.36,91539
3885,6el1,6.1,0.045,Q,14.0,0.27,94903
3885,6el1,6.1,0.045,H,15.0,0.36,91558
3885,6el1,6.1,0.045,R,16.0,0.27,94977
3885,6el1,6.1,0.045,I,17.0,0.36,91592
3885,6el1,6.1,0.045,S,18.0,0.28,94915
3885,6el1,6.1,0.045,J,19.0,0.36,91583
3885,6el1,6.1,0.045,T,20.0,0.28,94976
3954,6hts,4.8,0.0155,A,1.0,0.85,92448
3954,6hts,4.8,0.0155,B,2.0,0.8,92221
3954,6hts,4.8,0.0155,C,3.0,0.76,93135
3954,6hts,4.8,0.0155,D,4.0,0.72,92970
3954,6hts,4.8,0.0155,E,5.0,0.64,94513
3954,6hts,4.8,0.0155,F,6.0,0.74,94126
3954,6hts,4.8,0.0155,G,7.0,0.73,124814
3954,6hts,4.8,0.0155,H,8.0,0.77,49178
3954,6hts,4.8,0.0155,I,9.0,0.77,23206
3954,6hts,4.8,0.0155,J,10.0,0.81,19034
3954,6hts,4.8,0.0155,K,11.0,0.84,23946
3954,6hts,4.8,0.0155,L,12.0,0.8,22172
3954,6hts,4.8,0.0155,M,13.0,0.8,23841
3954,6hts,4.8,0.0155,N,14.0,0.59,20609
3954,6hts,4.8,0.0155,O,15.0,0.57,23572
3954,6hts,4.8,0.0155,P,16.0,0.57,21321
3954,6hts,4.8,0.0155,R,17.0,0.59,16419
3954,6hts,4.8,0.0155,X,18.0,0.72,86360
3954,6hts,4.8,0.0155,Y,19.0,0.71,86128
4343,6g2h,4.6,0.014,D,1.0,0.5,309213
4343,6g2h,4.6,0.014,E,2.0,0.49,309481
4343,6g2h,4.6,0.014,C,3.0,0.49,189042
4343,6g2h,4.6,0.014,F,4.0,0.5,189238
4343,6g2h,4.6,0.014,B,5.0,0.35,157869
4343,6g2h,4.6,0.014,A,6.0,0.34,157621
4400,6i2t,5.7,0.018,B,1.0,0.27,128999
4400,6i2t,5.7,0.018,A,2.0,0.3,127719
4400,6i2t,5.7,0.018,C,3.0,0.31,127660
4400,6i2t,5.7,0.018,D,4.0,0.27,128986
4400,6i2t,5.7,0.018,J,5.0,0.46,4005
4670,6qxt,8.9,0.025,A,1.0,0.49,73037
4670,6qxt,8.9,0.025,B,2.0,0.49,72578
4670,6qxt,8.9,0.025,C,3.0,0.49,73072
4670,6qxt,8.9,0.025,D,4.0,0.47,72520
4670,6qxt,8.9,0.025,E,5.0,0.38,72992
4670,6qxt,8.9,0.025,F,6.0,0.42,72572
4670,6qxt,8.9,0.025,G,7.0,0.4,73061
4670,6qxt,8.9,0.025,H,8.0,0.46,72636
4670,6qxt,8.9,0.025,I,9.0,0.47,86552
4670,6qxt,8.9,0.025,J,10.0,0.46,85740
4670,6qxt,8.9,0.025,K,11.0,0.44,38436
4670,6qxt,8.9,0.025,L,12.0,0.46,86873
4670,6qxt,8.9,0.025,M,13.0,0.5,85782
4670,6qxt,8.9,0.025,N,14.0,0.46,38117
4670,6qxt,8.9,0.025,O,15.0,0.47,86918
4670,6qxt,8.9,0.025,P,16.0,0.5,85790
4670,6qxt,8.9,0.025,Q,17.0,0.5,38561
4670,6qxt,8.9,0.025,R,18.0,0.37,86959
4670,6qxt,8.9,0.025,S,19.0,0.51,85674
4670,6qxt,8.9,0.025,T,20.0,0.42,38145
4670,6qxt,8.9,0.025,U,21.0,0.42,86908
4670,6qxt,8.9,0.025,V,22.0,0.47,85286
4670,6qxt,8.9,0.025,W,23.0,0.41,39317
4670,6qxt,8.9,0.025,X,24.0,0.39,39408
4670,6qxt,8.9,0.025,Y,25.0,0.41,86924
4670,6qxt,8.9,0.025,Z,26.0,0.49,85746
4670,6qxt,8.9,0.025,a,27.0,0.44,73100
4670,6qxt,8.9,0.025,b,28.0,0.47,72577
4670,6qxt,8.9,0.025,c,29.0,0.44,73004
4670,6qxt,8.9,0.025,d,30.0,0.51,72539
4670,6qxt,8.9,0.025,e,31.0,0.41,73056
4670,6qxt,8.9,0.025,f,32.0,0.43,72559
4670,6qxt,8.9,0.025,g,33.0,0.4,73043
4670,6qxt,8.9,0.025,h,34.0,0.42,72614
4670,6qxt,8.9,0.025,i,35.0,0.43,86477
4670,6qxt,8.9,0.025,j,36.0,0.45,85732
4670,6qxt,8.9,0.025,k,37.0,0.46,38496
4670,6qxt,8.9,0.025,l,38.0,0.43,86932
4670,6qxt,8.9,0.025,m,39.0,0.51,85717
4670,6qxt,8.9,0.025,n,40.0,0.46,38064
4670,6qxt,8.9,0.025,o,41.0,0.48,86905
4670,6qxt,8.9,0.025,p,42.0,0.48,85704
4670,6qxt,8.9,0.025,q,43.0,0.4,38482
4670,6qxt,8.9,0.025,r,44.0,0.42,86888
4670,6qxt,8.9,0.025,s,45.0,0.48,85778
4670,6qxt,8.9,0.025,t,46.0,0.46,38136
4670,6qxt,8.9,0.025,u,47.0,0.42,86908
4670,6qxt,8.9,0.025,v,48.0,0.48,85479
4670,6qxt,8.9,0.025,w,49.0,0.43,39288
4670,6qxt,8.9,0.025,x,50.0,0.44,39290
4670,6qxt,8.9,0.025,y,51.0,0.45,86971
4670,6qxt,8.9,0.025,z,52.0,0.48,85713
4670,6qxt,8.9,0.025,1,53.0,0.34,82194
4670,6qxt,8.9,0.025,2,54.0,0.36,82452
4671,6qy3,9.1,0.015,A,1.0,0.62,74918
4671,6qy3,9.1,0.015,B,2.0,0.58,74421
4671,6qy3,9.1,0.015,C,3.0,0.59,74882
4671,6qy3,9.1,0.015,D,4.0,0.68,74398
4671,6qy3,9.1,0.015,E,5.0,0.6,74854
4671,6qy3,9.1,0.015,F,6.0,0.63,74446
4671,6qy3,9.1,0.015,G,7.0,0.55,74830
4671,6qy3,9.1,0.015,H,8.0,0.59,74416
4671,6qy3,9.1,0.015,I,9.0,0.42,88803
4671,6qy3,9.1,0.015,J,10.0,0.67,87670
4671,6qy3,9.1,0.015,K,11.0,0.74,7690
4671,6qy3,9.1,0.015,L,12.0,0.62,88852
4671,6qy3,9.1,0.015,M,13.0,0.67,87640
4671,6qy3,9.1,0.015,N,14.0,0.7,7681
4671,6qy3,9.1,0.015,O,15.0,0.61,88836
4671,6qy3,9.1,0.015,P,16.0,0.61,87588
4671,6qy3,9.1,0.015,Q,17.0,0.72,7685
4671,6qy3,9.1,0.015,R,18.0,0.53,88846
4671,6qy3,9.1,0.015,S,19.0,0.68,87627
4671,6qy3,9.1,0.015,T,20.0,0.84,7676
4671,6qy3,9.1,0.015,U,21.0,0.52,88857
4671,6qy3,9.1,0.015,V,22.0,0.71,87547
4671,6qy3,9.1,0.015,W,23.0,0.77,7666
4671,6qy3,9.1,0.015,X,24.0,0.72,7660
4671,6qy3,9.1,0.015,Y,25.0,0.62,88905
4671,6qy3,9.1,0.015,Z,26.0,0.68,87576
4671,6qy3,9.1,0.015,a,27.0,0.61,74912
4671,6qy3,9.1,0.015,b,28.0,0.56,74471
4671,6qy3,9.1,0.015,c,29.0,0.59,74935
4671,6qy3,9.1,0.015,d,30.0,0.67,74349
4671,6qy3,9.1,0.015,e,31.0,0.56,74865
4671,6qy3,9.1,0.015,f,32.0,0.65,74416
4671,6qy3,9.1,0.015,g,33.0,0.6,74877
4671,6qy3,9.1,0.015,h,34.0,0.57,74394
4671,6qy3,9.1,0.015,i,35.0,0.53,88863
4671,6qy3,9.1,0.015,j,36.0,0.71,87671
4671,6qy3,9.1,0.015,k,37.0,0.71,7651
4671,6qy3,9.1,0.015,l,38.0,0.59,88862
4671,6qy3,9.1,0.015,m,39.0,0.73,87611
4671,6qy3,9.1,0.015,n,40.0,0.81,7694
4671,6qy3,9.1,0.015,o,41.0,0.62,88855
4671,6qy3,9.1,0.015,p,42.0,0.66,87647
4671,6qy3,9.1,0.015,q,43.0,0.82,7662
4671,6qy3,9.1,0.015,r,44.0,0.59,88859
4671,6qy3,9.1,0.015,s,45.0,0.63,87643
4671,6qy3,9.1,0.015,t,46.0,0.66,7682
4671,6qy3,9.1,0.015,u,47.0,0.53,88862
4671,6qy3,9.1,0.015,v,48.0,0.67,87610
4671,6qy3,9.1,0.015,w,49.0,0.83,7672
4671,6qy3,9.1,0.015,x,50.0,0.62,7676
4671,6qy3,9.1,0.015,y,51.0,0.64,88833
4671,6qy3,9.1,0.015,z,52.0,0.64,87655
4671,6qy3,9.1,0.015,1,53.0,0.53,99917
4671,6qy3,9.1,0.015,2,54.0,0.54,100915
4736,6r6h,8.4,6.0,A,1.0,0.28,145951
4736,6r6h,8.4,6.0,B,2.0,0.33,155558
4736,6r6h,8.4,6.0,C,3.0,0.34,135555
4736,6r6h,8.4,6.0,D,4.0,0.36,138948
4736,6r6h,8.4,6.0,E,5.0,0.1,104963
4736,6r6h,8.4,6.0,F,6.0,0.19,111919
4736,6r6h,8.4,6.0,H,7.0,0.41,63875
4736,6r6h,8.4,6.0,O,8.0,0.27,248857
4736,6r6h,8.4,6.0,P,9.0,0.29,38883
4736,6r6h,8.4,6.0,Q,10.0,0.38,40818
4736,6r6h,8.4,6.0,R,11.0,0.33,43072
4736,6r6h,8.4,6.0,V,12.0,0.21,55366
4736,6r6h,8.4,6.0,G,13.0,0.28,80969
4739,6r7f,8.2,6.0,A,1.0,0.26,155372
4739,6r7f,8.2,6.0,B,2.0,0.3,152645
4739,6r7f,8.2,6.0,C,3.0,0.37,144293
4739,6r7f,8.2,6.0,D,4.0,0.29,143934
4739,6r7f,8.2,6.0,E,5.0,0.29,111214
4739,6r7f,8.2,6.0,F,6.0,0.35,123826
4739,6r7f,8.2,6.0,H,7.0,0.45,66071
4739,6r7f,8.2,6.0,G,8.0,0.32,83272
4739,6r7f,8.2,6.0,V,9.0,0.17,62475
4739,6r7f,8.2,6.0,P,10.0,0.09,51962
4739,6r7f,8.2,6.0,Q,11.0,0.29,47437
4739,6r7f,8.2,6.0,O,12.0,0.26,265383
4739,6r7f,8.2,6.0,R,13.0,0.25,44919
4739,6r7f,8.2,6.0,N,14.0,0.07,30233
4741,6r7h,8.8,6.0,A,1.0,0.25,169710
4741,6r7h,8.8,6.0,Q,2.0,0.36,53824
4741,6r7h,8.8,6.0,O,3.0,0.34,250748
4741,6r7h,8.8,6.0,R,4.0,0.4,48892
4741,6r7h,8.8,6.0,B,5.0,0.37,168743
4741,6r7h,8.8,6.0,C,6.0,0.33,159252
4741,6r7h,8.8,6.0,D,7.0,0.26,164479
4741,6r7h,8.8,6.0,E,8.0,0.36,126697
4741,6r7h,8.8,6.0,F,9.0,0.39,133720
4741,6r7h,8.8,6.0,G,10.0,0.36,93208
4741,6r7h,8.8,6.0,H,11.0,0.43,74135
4741,6r7h,8.8,6.0,P,12.0,0.26,48534
4744,6r7n,6.5,3.65,A,1.0,0.53,117329
4744,6r7n,6.5,3.65,D,2.0,0.61,111998
4744,6r7n,6.5,3.65,H,3.0,0.65,49534
4744,6r7n,6.5,3.65,P,4.0,0.65,32404
4744,6r7n,6.5,3.65,Q,5.0,0.77,28856
4744,6r7n,6.5,3.65,R,6.0,0.49,30199
4744,6r7n,6.5,3.65,C,7.0,0.53,116437
4744,6r7n,6.5,3.65,G,8.0,0.48,60286
4744,6r7n,6.5,3.65,O,9.0,0.49,202964
4744,6r7n,6.5,3.65,B,10.0,0.58,121295
4913,6rkw,6.6,0.0107,A,1.0,0.35,237930
4913,6rkw,6.6,0.0107,C,2.0,0.34,238617
4913,6rkw,6.6,0.0107,B,3.0,0.44,224099
4913,6rkw,6.6,0.0107,D,4.0,0.42,225498
4913,6rkw,6.6,0.0107,F,5.0,0.28,55098
4913,6rkw,6.6,0.0107,E,6.0,0.34,54966
4913,6rkw,6.6,0.0107,G,7.0,0.41,58816
4913,6rkw,6.6,0.0107,H,8.0,0.32,59295
4940,6rn2,6.2,0.01,A,1.0,0.52,179994
4940,6rn2,6.2,0.01,B,2.0,0.49,180228
4940,6rn2,6.2,0.01,C,3.0,0.5,180883
4940,6rn2,6.2,0.01,D,4.0,0.55,180306
4940,6rn2,6.2,0.01,E,5.0,0.58,178659
4940,6rn2,6.2,0.01,F,6.0,0.55,180278
4940,6rn2,6.2,0.01,S,7.0,0.78,7743
6913,5zcs,4.9,0.01,A,1.0,0.44,487558
6913,5zcs,4.9,0.01,B,2.0,0.44,487611
6913,5zcs,4.9,0.01,C,3.0,0.65,67482
6913,5zcs,4.9,0.01,D,4.0,0.64,67485
6913,5zcs,4.9,0.01,E,5.0,0.5,139720
6913,5zcs,4.9,0.01,F,6.0,0.5,139764
6913,5zcs,4.9,0.01,G,7.0,0.56,14368
6913,5zcs,4.9,0.01,H,8.0,0.56,14371
6928,5zfv,7.1,0.02,A,1.0,0.28,68385
6928,5zfv,7.1,0.02,B,2.0,0.29,67961
6928,5zfv,7.1,0.02,C,3.0,0.3,67423
6928,5zfv,7.1,0.02,D,4.0,0.29,65409
6928,5zfv,7.1,0.02,E,5.0,0.28,67330
6928,5zfv,7.1,0.02,F,6.0,0.21,9862
7031,6b19,4.5,0.05,A,1.0,0.33,70993
7031,6b19,4.5,0.05,B,2.0,0.3,56117
7031,6b19,4.5,0.05,C,3.0,0.4,9948
7031,6b19,4.5,0.05,D,4.0,0.51,9927
7103,6bjs,5.5,0.006,A,1.0,0.43,16798
7103,6bjs,5.5,0.006,B,2.0,0.36,21886
7103,6bjs,5.5,0.006,R,3.0,0.57,8350
7103,6bjs,5.5,0.006,G,4.0,0.42,55755
7103,6bjs,5.5,0.006,H,5.0,0.48,54979
7103,6bjs,5.5,0.006,I,6.0,0.42,308854
7103,6bjs,5.5,0.006,J,7.0,0.44,311116
7103,6bjs,5.5,0.006,K,8.0,0.37,21218
7305,6ci1,4.9,0.02,A,1.0,0.77,29737
7305,6ci1,4.9,0.02,B,2.0,0.76,29746
7305,6ci1,4.9,0.02,C,3.0,0.76,29726
7305,6ci1,4.9,0.02,D,4.0,0.77,29754
7305,6ci1,4.9,0.02,E,5.0,0.76,29752
7305,6ci1,4.9,0.02,F,6.0,0.76,29678
7305,6ci1,4.9,0.02,G,7.0,0.77,29715
7305,6ci1,4.9,0.02,H,8.0,0.77,29754
8097,5iou,7.0,0.022,A,1.0,0.27,199312
8097,5iou,7.0,0.022,C,2.0,0.26,199402
8097,5iou,7.0,0.022,B,3.0,0.26,197515
8097,5iou,7.0,0.022,D,4.0,0.26,198371
8229,5kbs,8.7,0.019,A,1.0,0.26,256834
8229,5kbs,8.7,0.019,B,2.0,0.27,262669
8229,5kbs,8.7,0.019,C,3.0,0.28,255401
8229,5kbs,8.7,0.019,D,4.0,0.28,260789
8230,5kbt,6.4,0.019,A,1.0,0.3,240402
8230,5kbt,6.4,0.019,B,2.0,0.34,194333
8230,5kbt,6.4,0.019,C,3.0,0.33,190834
8230,5kbt,6.4,0.019,D,4.0,0.32,192600
8231,5kbu,7.8,0.019,A,1.0,0.26,288643
8231,5kbu,7.8,0.019,B,2.0,0.3,235210
8231,5kbu,7.8,0.019,C,3.0,0.27,288388
8231,5kbu,7.8,0.019,D,4.0,0.29,235557
8287,5kua,6.0,0.45,A,1.0,0,0
8287,5kua,6.0,0.45,B,2.0,0,0
8287,5kua,6.0,0.45,C,3.0,0,0
8287,5kua,6.0,0.45,D,4.0,0.0,93
8287,5kua,6.0,0.45,E,5.0,0.1,1694
8287,5kua,6.0,0.45,F,6.0,0.13,3836
8287,5kua,6.0,0.45,G,7.0,0.11,5665
8287,5kua,6.0,0.45,H,8.0,0.21,7169
8287,5kua,6.0,0.45,I,9.0,0.16,11327
8287,5kua,6.0,0.45,J,10.0,0.28,19236
8287,5kua,6.0,0.45,K,11.0,0.29,26771
8287,5kua,6.0,0.45,L,12.0,0.31,34159
8287,5kua,6.0,0.45,M,13.0,0.32,36895
8287,5kua,6.0,0.45,N,14.0,0.28,36938
8287,5kua,6.0,0.45,O,15.0,0.36,35797
8287,5kua,6.0,0.45,P,16.0,0.27,33607
8287,5kua,6.0,0.45,Q,17.0,0.38,31726
8287,5kua,6.0,0.45,R,18.0,0.35,30231
8287,5kua,6.0,0.45,S,19.0,0.38,26951
8287,5kua,6.0,0.45,T,20.0,0.38,19801
8287,5kua,6.0,0.45,U,21.0,0.4,12168
8287,5kua,6.0,0.45,V,22.0,0.33,4503
8287,5kua,6.0,0.45,W,23.0,0.07,222
8287,5kua,6.0,0.45,X,24.0,0,0
8287,5kua,6.0,0.45,Y,25.0,0,0
8287,5kua,6.0,0.45,Z,26.0,0,0
8636,5v5s,6.5,0.0266,A,1.0,0.38,115640
8636,5v5s,6.5,0.0266,B,2.0,0.39,115533
8636,5v5s,6.5,0.0266,C,3.0,0.4,115863
8636,5v5s,6.5,0.0266,D,4.0,0.25,95812
8636,5v5s,6.5,0.0266,E,5.0,0.27,94980
8636,5v5s,6.5,0.0266,F,6.0,0.26,95638
8636,5v5s,6.5,0.0266,G,7.0,0.29,94750
8636,5v5s,6.5,0.0266,H,8.0,0.26,96122
8636,5v5s,6.5,0.0266,I,9.0,0.27,95120
8636,5v5s,6.5,0.0266,J,10.0,0.32,255703
8636,5v5s,6.5,0.0266,K,11.0,0.32,255715
8636,5v5s,6.5,0.0266,L,12.0,0.31,254975
8685,5vhw,7.8,0.029,A,1.0,0.2,251545
8685,5vhw,7.8,0.029,B,2.0,0.21,254998
8685,5vhw,7.8,0.029,C,3.0,0.2,251778
8685,5vhw,7.8,0.029,D,4.0,0.21,255300
8686,5vhx,8.3,0.022,A,1.0,0.28,266318
8686,5vhx,8.3,0.022,B,2.0,0.29,270662
8686,5vhx,8.3,0.022,C,3.0,0.26,266520
8686,5vhx,8.3,0.022,D,4.0,0.25,270920
8686,5vhx,8.3,0.022,E,5.0,0.18,64063
8687,5vhy,4.6,0.028,A,1.0,0.28,156386
8687,5vhy,4.6,0.028,B,2.0,0.28,155983
8687,5vhy,4.6,0.028,C,3.0,0.28,156582
8687,5vhy,4.6,0.028,D,4.0,0.27,156192
8687,5vhy,4.6,0.028,E,5.0,0.17,35682
8687,5vhy,4.6,0.028,F,6.0,0.17,35990
8688,5vhz,8.4,0.015,A,1.0,0.28,264474
8688,5vhz,8.4,0.015,B,2.0,0.28,267464
8688,5vhz,8.4,0.015,C,3.0,0.29,264163
8688,5vhz,8.4,0.015,D,4.0,0.27,267375
8688,5vhz,8.4,0.015,E,5.0,0.18,65453
8688,5vhz,8.4,0.015,F,6.0,0.19,65587
8821,5wem,6.1,0.019,A,1.0,0.29,245179
8821,5wem,6.1,0.019,B,2.0,0.3,200294
8821,5wem,6.1,0.019,C,3.0,0.29,245831
8821,5wem,6.1,0.019,D,4.0,0.3,200295
8886,6anu,7.0,0.95,F,1.0,0.6,97668
8886,6anu,7.0,0.95,A,2.0,0.6,97685
8886,6anu,7.0,0.95,B,3.0,0.61,97632
8886,6anu,7.0,0.95,C,4.0,0.62,97641
8886,6anu,7.0,0.95,D,5.0,0.61,97710
8886,6anu,7.0,0.95,E,6.0,0.61,97227
8886,6anu,7.0,0.95,f,7.0,0.37,40993
8886,6anu,7.0,0.95,a,8.0,0.48,42022
8886,6anu,7.0,0.95,b,9.0,0.34,41972
8886,6anu,7.0,0.95,c,10.0,0.32,41970
8886,6anu,7.0,0.95,d,11.0,0.44,41996
8886,6anu,7.0,0.95,e,12.0,0.51,41973
9843,6jm9,7.3,0.021,I,1.0,0.55,132310
9843,6jm9,7.3,0.021,J,2.0,0.52,132551
9843,6jm9,7.3,0.021,A,3.0,0.44,40907
9843,6jm9,7.3,0.021,B,4.0,0.41,33285
9843,6jm9,7.3,0.021,C,5.0,0.41,42976
9843,6jm9,7.3,0.021,D,6.0,0.46,38029
9843,6jm9,7.3,0.021,E,7.0,0.43,41055
9843,6jm9,7.3,0.021,F,8.0,0.45,36953
9843,6jm9,7.3,0.021,G,9.0,0.42,42169
9843,6jm9,7.3,0.021,H,10.0,0.42,38022
9843,6jm9,7.3,0.021,X,11.0,0.19,98825
