id,subunit,iou_0,iou_1,iou_2,dice_0,dice_1,dice_2,recall_0,recall_1,recall_2,specificity_0,specificity_1,specificity_2
8723,8,0.99535913,0.275735812,0.141633229,0.997674168,0.432277293,0.248123872,0.999933134,0.276300007,0.525341915,0.715349061,0.999971965,0.993561739
8723,7,0.996036878,0.669134225,0.908871031,0.998014505,0.801774016,0.95226028,0.99991937,0.674379852,0.973426924,0.790863129,0.999900036,0.999592362
8723,6,0.996655324,0.414863087,0.135981193,0.998324861,0.586435664,0.239407472,0.99976617,0.450087566,0.440657578,0.820389705,0.998733012,0.994658163
8723,5,0.995839696,0.67203707,0.757664234,0.997915512,0.803854271,0.862126246,0.999833795,0.682596575,0.877504438,0.790798479,0.999790291,0.999102777
8723,4,0.998427872,0.666629845,0.298885199,0.999213317,0.799973488,0.460218038,0.999658969,0.758903421,0.515955556,0.963213095,0.996410224,0.994767913
8723,3,0.994891051,0.492471069,0.389407989,0.997438984,0.659940523,0.560538001,0.999786519,0.565644434,0.616962369,0.864624309,0.996374228,0.993349906
8723,2,0.998836833,0.766557098,0.551190998,0.999418078,0.867854313,0.710668124,0.999853636,0.842197048,0.733470753,0.968519439,0.997661495,0.997274693
8723,1,0.999294884,0.800442917,0.324704688,0.999647318,0.889162227,0.490229545,0.999734625,0.824804638,0.779377561,0.99223952,0.998468104,0.991915387
8722,8,0.998258468,0.607686954,0.417706859,0.999128475,0.755976718,0.589271126,0.999822667,0.612232178,0.857595773,0.902707581,0.999907313,0.996184883
8722,7,0.996823937,0.7565757,0.749873546,0.998409442,0.861421116,0.857060269,0.999810942,0.883918273,0.760841673,0.889670346,0.998028826,0.999779281
8722,6,0.999192867,0.740266992,0.542388089,0.99959627,0.850751057,0.703309488,0.999664712,0.876969333,0.656674789,0.985703065,0.996010662,0.997693519
8722,5,0.99764851,0.508824409,0.315635277,0.998822871,0.674464711,0.479821851,0.999812424,0.652366864,0.473283127,0.944161056,0.993297144,0.992814191
8722,4,0.998510742,0.45703125,0.148177371,0.999254816,0.627345845,0.258108851,0.999852226,0.45874857,0.971044467,0.894693012,0.999955613,0.994874042
8722,3,0.997294096,0.845712626,0.817230218,0.998645215,0.916407694,0.899423981,0.999546855,0.931169558,0.828816874,0.913967272,0.998780002,0.999803724
8722,2,0.999130713,0.736530766,0.437303209,0.999565168,0.848278396,0.60850516,0.999807826,0.80126183,0.707904856,0.979698079,0.997728665,0.995568877
8722,1,0.998961907,0.814315601,0.560813373,0.999480684,0.897655954,0.718616822,0.999795042,0.864085191,0.785574172,0.977189567,0.99827212,0.996857998
8721,8,0.999383574,0.69005279,0.413722303,0.999691692,0.816605013,0.585295008,0.999730547,0.827426493,0.564975272,0.987341169,0.996241215,0.996991073
8721,7,0.999603571,0.674321016,0.550416133,0.999801746,0.805485937,0.710023743,0.999864928,0.677162589,0.969278467,0.977586635,0.999965386,0.997416337
8721,6,0.998545752,0.549444119,0.404734765,0.999272347,0.709214502,0.57624368,0.999759762,0.623368002,0.671809053,0.938809477,0.998237714,0.99564752
8721,5,0.99906636,0.888436482,0.857078449,0.999532962,0.940922812,0.923039573,0.99978956,0.948613164,0.892069451,0.966465066,0.999248849,0.999580893
8721,4,0.999211879,0.806266948,0.736883244,0.999605784,0.892743953,0.848512122,0.999897382,0.831055901,0.876569038,0.933718116,0.999810006,0.999219075
8721,3,0.999328318,0.706664705,0.481559744,0.999664046,0.828123653,0.650071313,0.999727888,0.858281364,0.599172685,0.985512907,0.996113944,0.997764983
8721,2,0.999288632,0.840889128,0.67363976,0.999644189,0.913568466,0.804999709,0.999828119,0.934150679,0.747180688,0.981937477,0.997713638,0.999028215
8721,1,0.999279448,0.676797579,0.391767393,0.999639594,0.807250186,0.56297826,0.999810108,0.845774416,0.499869024,0.98224606,0.995077649,0.997294866
8438,2,0.999798907,0.544607285,0.847107619,0.999899443,0.705172493,0.917226057,0.999947294,0.797894517,0.887501724,0.991353978,0.998577229,0.99933145
8438,1,0.999827693,0.637964775,0.889627392,0.999913839,0.778972521,0.941590279,0.999904302,0.866099894,0.919314555,0.995498746,0.998927086,0.999534889
6618,4,0.998609806,0.559718191,0.287302144,0.99930442,0.717717077,0.446363188,0.999326683,0.657296389,0.54630689,0.981242076,0.995188553,0.990891909
6618,3,0.998981304,0.513556242,0.33250011,0.999490393,0.678608733,0.499062037,0.999758757,0.632884195,0.551277857,0.971077438,0.995871306,0.994195729
6618,2,0.999025378,0.724636159,0.624537134,0.999512451,0.840335111,0.768880096,0.999687914,0.850266354,0.746502986,0.983410657,0.995879852,0.996980467
6618,1,0.999246304,0.626531739,0.515174359,0.99962301,0.77038981,0.680019901,0.999592245,0.680726866,0.839442089,0.985875631,0.998602257,0.994909455
6207,9,0.995836361,0.81380891,0.204370456,0.997913838,0.897348012,0.339381384,0.999991082,0.920606677,0.240800811,0.893053086,0.996200461,0.998307036
6207,8,0.997643185,0.666168579,0.462462052,0.998820202,0.799641269,0.632443148,0.999934038,0.817368162,0.561592879,0.942722122,0.994374097,0.996877665
6207,7,0.999987187,0.902630009,0.761145291,0.999993593,0.948823476,0.864375353,0.999988665,0.925036476,0.928311688,0.99995591,0.999384783,0.998170521
6207,6,0.999606621,0.746285162,0.572588562,0.999803272,0.85471168,0.728211531,0.999969628,0.871263819,0.690976266,0.988293714,0.99666351,0.997794504
6207,5,0.999430055,0.692208011,0.391411006,0.999714946,0.818112202,0.562610191,0.999965135,0.850588362,0.506435193,0.990191924,0.991618917,0.995092531
6207,4,0.999989043,0.77331495,0.417064679,0.999994521,0.87216876,0.588631818,0.999990039,0.822482915,0.731217718,0.999977609,0.99773022,0.993830468
6207,3,0.999986954,0.74075926,0.529346358,0.999993477,0.851076053,0.692251765,0.99998828,0.937498959,0.58157314,0.999969422,0.993063822,0.998382109
6207,2,0.999980137,0.703944219,0.4470916,0.999990069,0.826252657,0.617917483,0.999980574,0.814343479,0.639141664,0.999985416,0.996753108,0.996195129
6207,13,0.995699224,0.756136914,0.470221999,0.997844978,0.861136632,0.63966122,0.999993934,0.834078437,0.606112192,0.928342264,0.9951417,0.996559677
6207,12,0.998729197,0.812209002,0.188502236,0.999364195,0.896374536,0.317209729,0.999998001,0.925162051,0.233829499,0.973585768,0.994380105,0.998293292
6207,11,0.999997031,0.901923641,0.154978156,0.999998515,0.948433072,0.268365519,0.999997031,0.951128243,0.258138644,1,0.998085948,0.998338377
6207,10,0.99727612,0.789180921,0.759003869,0.998636203,0.882170061,0.862992837,0.999996992,0.797633103,0.97582754,0.946910425,0.99962389,0.995663653
6207,1,0.99985508,0.704873884,0.333364941,0.999927535,0.8268927,0.500035558,0.999976179,0.856345392,0.453108218,0.997814029,0.991581487,0.994604369
5140,9,0.997386107,0.707793939,0.724653634,0.998691343,0.828898526,0.840346862,0.999940775,0.779746753,0.813872192,0.903269931,0.998492628,0.998607317
5140,8,0.995922095,0.661753404,0.542536892,0.997956882,0.796451992,0.703434576,0.999953735,0.678808215,0.846981809,0.874156581,0.999377344,0.995716547
5140,7,0.997067678,0.686258469,0.739930365,0.998531686,0.813942206,0.85052871,0.999927856,0.742729864,0.861893784,0.901871905,0.998557019,0.998138136
5140,6,0.995480947,0.811884605,0.564555769,0.997735356,0.896176945,0.721681873,0.999972414,0.86561197,0.635261583,0.863638394,0.998687987,0.998403481
5140,5,0.999755311,0.779020765,0.790587117,0.999877641,0.875786028,0.883047922,0.999970748,0.894982394,0.85692202,0.990392975,0.998369674,0.999057797
5140,4,0.999980408,0.841546451,0.792049162,0.999990204,0.913956257,0.883959189,0.999982857,0.843517742,0.997087054,0.999909942,0.999960729,0.997388994
5140,3,0.999894587,0.816804823,0.823382331,0.999947291,0.899166286,0.903137336,0.999895563,0.825734202,0.996286959,0.999958392,0.999861413,0.997792648
5140,2,0.999576251,0.866615243,0.863491349,0.99978808,0.928541912,0.926745755,0.999997059,0.873195229,0.98920755,0.98485276,0.99987692,0.998367323
5140,16,0.99492286,0.654523243,0.559672043,0.997454969,0.791192564,0.717679137,0.999955256,0.701962895,0.708026367,0.837680473,0.998492024,0.997366267
5140,15,0.997725525,0.812606951,0.905232961,0.998861468,0.896616832,0.950259605,0.999874625,0.830166509,0.967779462,0.930746127,0.999634382,0.999052584
5140,14,0.998970948,0.648820892,0.613189356,0.999485209,0.787011973,0.760219938,0.999931857,0.875441152,0.657223952,0.972941062,0.99395086,0.998735481
5140,13,0.999914731,0.886926011,0.866681189,0.999957364,0.940075027,0.928579764,0.999918161,0.913401414,0.96549911,0.999876214,0.999540024,0.99863976
5140,12,0.999892702,0.784020352,0.789687186,0.999946348,0.878936556,0.882486272,0.999896676,0.799920813,0.978191048,0.999904841,0.999550614,0.995523049
5140,11,0.999903618,0.905405873,0.904783043,0.999951807,0.950354867,0.950011652,0.999942267,0.929352457,0.974306883,0.998517045,0.99963992,0.999069037
5140,10,0.996844557,0.742285751,0.54752964,0.998419785,0.852082674,0.707617645,0.99994875,0.785248937,0.676272865,0.868053688,0.999183748,0.997828643
5140,1,0.997583377,0.71938721,0.795777147,0.998790227,0.836794884,0.88627606,0.999969076,0.725838158,0.984286529,0.918688875,0.999838351,0.997398245
4671,9,0.99941058,0.298762448,0.254227941,0.999705203,0.460072508,0.405393522,0.999919539,0.299786763,1,0.982376312,0.999919973,0.984441692
4671,8,0.991183033,0.681189248,0.109071919,0.995571996,0.810365935,0.196690435,0.999991855,0.696550746,0.506846941,0.868370063,0.998547925,0.98994015
4671,7,0.983945254,0.667897126,0.299050885,0.991907667,0.800885277,0.460414428,0.999985137,0.697749399,0.638974097,0.856016278,0.995551911,0.987133984
4671,6,0.992680122,0.718464182,0.001343136,0.996326617,0.836170098,0.002682669,1,0.718549656,0.678571429,0.905204878,0.99999075,0.986535666
4671,54,0.993895726,0.746772633,0.504716568,0.996938519,0.855031294,0.67084603,0.999999174,0.80627818,0.696241037,0.925381146,0.994892285,0.993907797
4671,53,0.993578529,0.702052812,0.231872175,0.996778922,0.824948329,0.376454928,0.999998765,0.81927393,0.308574622,0.918689245,0.989477411,0.995189375
4671,52,0.99704176,0.730061556,0.661838966,0.998518689,0.843971769,0.796513958,0.999999493,0.751370715,0.933717805,0.953251237,0.998739514,0.992353913
4671,51,0.997686146,0.751969737,0.708179045,0.998841733,0.85842777,0.829162548,0.99999697,0.780325482,0.927248976,0.960707219,0.998564018,0.994014616
4671,50,0.964997106,0.660503688,0.38770777,0.982186796,0.795546186,0.558774373,1,0.667307626,0.769762087,0.723755998,0.998712562,0.995077461
4671,5,0.987771582,0.726339902,0,0.993848177,0.841479596,0,0.999997946,0.726359362,,0.838510898,0.999997946,0.992015839
4671,49,0.979736815,0.744024305,0.587054409,0.989764708,0.853226991,0.739803759,1,0.760020939,0.844762419,0.842616921,0.997557349,0.993708404
4671,48,0.997997204,0.674913353,0.55144251,0.998997598,0.805908379,0.710877143,0.999997979,0.698097855,0.911978002,0.966342361,0.998552441,0.989517252
4671,47,0.999958325,0.73268861,0.661856741,0.999979162,0.845724507,0.79652683,0.999974697,0.782614765,0.891578914,0.999595484,0.998330733,0.994718546
4671,46,0.970283806,0.660859383,0.364670205,0.984917811,0.795804136,0.534444444,0.999969891,0.662222222,0.941906005,0.760157804,0.999752157,0.99069498
4671,45,0.985094527,0.173118733,0.072069755,0.992491303,0.295142731,0.134449749,1,0.173118733,0.999286733,0.76890965,1,0.965503953
4671,44,0.998682824,0.78116389,0.797950758,0.999340978,0.8771387,0.887622483,0.999997507,0.818646013,0.936475722,0.97121298,0.998773022,0.996674497
4671,43,0.970837584,0.658809608,0.284740629,0.985203034,0.794316122,0.443265547,1,0.666936476,0.797877984,0.789753135,0.998352489,0.986947618
4671,42,0.996026827,0.706125837,0.668481096,0.998009459,0.827753524,0.801304969,0.999999492,0.75064145,0.876222389,0.939647082,0.997299876,0.993360389
4671,41,0.999391181,0.748783158,0.035167563,0.999695498,0.856347632,0.067945643,1,0.755841836,0.488194001,0.993236615,0.999167618,0.980720319
4671,40,0.961247989,0.625404955,0.47170145,0.980241147,0.769537404,0.641028723,1,0.639795467,0.785335689,0.739038714,0.996836789,0.991273362
4671,4,0.987890656,0.707591899,0.164400904,0.993908445,0.828759962,0.282378524,0.999998959,0.733739563,0.440300315,0.865804812,0.996883186,0.990028612
4671,39,0.985066273,0.527741181,0.774801121,0.992476963,0.690877732,0.873113175,0.999979508,0.570183897,0.880070911,0.796501739,0.996514494,0.996128591
4671,38,0.983500848,0.509310215,0.725020898,0.991681802,0.674891364,0.840593756,0.999997971,0.510950009,0.991039211,0.737173424,0.999851342,0.99408788
4671,37,0.959621256,0.598797776,0.392631579,0.979394618,0.749060056,0.563869992,0.999995636,0.603746678,0.870681606,0.707813068,0.998897488,0.989969308
4671,36,0.996110863,0.697957784,0.552323246,0.998051643,0.822114414,0.711608548,0.999998462,0.726514028,0.880698196,0.948128058,0.997750863,0.989184749
4671,35,0.999771943,0.720378148,0.601065704,0.999885958,0.83746489,0.750832027,0.999980035,0.792507825,0.819661302,0.995549009,0.997031573,0.994131351
4671,34,0.991568741,0.54622597,0.03239134,0.995766524,0.706527999,0.06275012,1,0.551600106,0.513089005,0.854409706,0.999437421,0.983763115
4671,33,0.986914483,0.69133947,0,0.993414152,0.817505276,0,1,0.69133947,,0.826695472,1,0.990380287
4671,32,0.992286943,0.772559006,0.612423341,0.996128541,0.871687773,0.759630955,0.999997441,0.792713673,0.866048429,0.893876068,0.998419615,0.99534877
4671,31,0.986001446,0.690020721,0.379475062,0.992951388,0.816582557,0.550173138,0.999995302,0.733138485,0.604093354,0.850137246,0.994953745,0.992938721
4671,30,0.979538818,0.736568282,0.635112428,0.989663662,0.848303277,0.776842519,0.999996207,0.77378113,0.75803326,0.846733149,0.994463592,0.995815906
4671,3,0.999566248,0.921580874,0,0.999783077,0.959190307,0,0.999981835,0.921580874,,0.992852062,1,0.99606514
4671,29,0.978540445,0.384535626,0.022967154,0.989153846,0.555472346,0.044903013,1,0.384838884,0.890343699,0.706440018,0.999941616,0.977981135
4671,28,0.983501532,0.711470811,0.57744611,0.99168215,0.831414485,0.732127845,0.99999789,0.77069926,0.655942806,0.841838282,0.993034965,0.997413006
4671,27,0.980239849,0.621307512,0.051278723,0.990021335,0.766427723,0.097554952,0.999999483,0.622875336,0.745752045,0.75934232,0.999790877,0.989730683
4671,26,0.997125676,0.771826296,0.772295419,0.99856077,0.871221177,0.871519963,0.999979079,0.861315806,0.843362544,0.959193178,0.995454494,0.99736811
4671,25,0.996045777,0.785176521,0.74494193,0.998018972,0.879662612,0.853830052,0.999998983,0.78643093,0.995448314,0.940119669,0.999925122,0.994048572
4671,24,0.959827107,0.632221026,0.508744856,0.979501818,0.774675753,0.674394818,1,0.6405367,0.793103448,0.706866547,0.998283632,0.994631234
4671,23,0.977699811,0.715964998,0.470550022,0.988724179,0.834475061,0.639964659,0.999995713,0.718555652,0.917264669,0.815951557,0.999592552,0.991342508
4671,22,0.99812107,0.656396659,0.644718446,0.999059652,0.792559747,0.783986399,1,0.783235792,0.769163887,0.969962322,0.993591089,0.994669727
4671,21,0.999966764,0.700491867,0.507320955,0.999983382,0.823869705,0.673142576,0.999992063,0.70062701,1,0.999372894,0.999994103,0.99106171
4671,20,0.966549952,0.686876554,0.517988008,0.982990492,0.814376787,0.682466535,1,0.692163729,0.89162844,0.786841818,0.998886541,0.990272795
4671,2,0.995640607,0.849629476,0.643710762,0.997815542,0.918702353,0.783240917,1,0.877475109,0.862652146,0.966604137,0.996616336,0.992231464
4671,19,0.995229215,0.529711915,0.53109215,0.997608904,0.69256428,0.693742895,0.999991446,0.570565096,0.84674194,0.913321667,0.997220124,0.989397674
4671,18,0.999998512,0.635605461,0.417312277,0.999999256,0.777211223,0.588878377,0.999998512,0.646213604,0.940827409,1,0.999480288,0.989222758
4671,17,0.967859088,0.645173855,0.540732222,0.983667066,0.78432301,0.701915899,1,0.652801662,0.888503937,0.753176569,0.99859114,0.992114886
4671,16,0.996082521,0.764215474,0.768944469,0.998037416,0.866351628,0.869382259,1,0.833786215,0.852732376,0.93890873,0.996465166,0.997422751
4671,15,0.996267837,0.787950694,0.649293923,0.99813043,0.881400921,0.787359868,1,0.791990853,0.981600205,0.948862326,0.999710861,0.992271859
4671,14,0.954602441,0.564427395,0.177901024,0.976774019,0.721576976,0.302064469,0.999995608,0.565992724,0.884411453,0.685993561,0.999593194,0.985662383
4671,13,0.989723797,0.580780225,0.177497732,0.994835362,0.734801987,0.301482928,1,0.587476604,0.850776398,0.889127723,0.99900438,0.976559681
4671,12,0.9999995,0.737322018,0.674887542,0.99999975,0.84880294,0.805889977,1,0.793553874,0.884976405,0.999989774,0.997800189,0.994102499
4671,11,0.972555279,0.679632947,0.544481054,0.986086716,0.809263653,0.705066667,1,0.69420068,0.821628341,0.781611494,0.997561235,0.993673868
4671,10,0.996657237,0.627737662,0.508746472,0.99832582,0.771300778,0.674396237,0.999994911,0.708808943,0.735318521,0.950267933,0.994281534,0.990591421
4671,1,0.996682146,0.727216692,0.636474783,0.998338316,0.842067698,0.777860789,0.999964428,0.816632794,0.749849958,0.93506609,0.995885672,0.997123791
4400,5,1,0.21813448,0.120015289,1,0.358145154,0.21431009,1,0.832757131,0.126239614,1,0.987508956,0.999251199
4400,4,0.999905481,0.46407327,0.800122687,0.999952738,0.633948149,0.888964616,0.99990742,0.464160922,0.999872237,0.999882595,0.999999041,0.997173129
4400,3,0.999786862,0.753245132,0.851384599,0.99989342,0.859258205,0.91972743,0.999789801,0.84872492,0.932194647,0.999893288,0.998697382,0.998393993
4400,2,0.999834899,0.743266136,0.841786408,0.999917442,0.852728244,0.914097752,0.999857921,0.863086456,0.910883877,0.999161149,0.998421624,0.998578675
4400,1,0.999828771,0.622696554,0.391132871,0.999914378,0.767483671,0.562322808,0.999843978,0.668943903,0.786867305,0.999474327,0.998395362,0.992897108
4156,5,0.999901011,0.761012647,0.782403101,0.999950503,0.864289815,0.877919367,0.99996667,0.809689452,0.933284017,0.998481973,0.998638879,0.995938447
4156,4,0.999892534,0.87146192,0.900149756,0.999946264,0.931316754,0.947451382,0.99998358,0.963620231,0.921696704,0.997906322,0.998090741,0.999412781
4156,3,0.99968185,0.775563258,0.784245314,0.9998409,0.873596877,0.879077902,0.999997007,0.785026509,0.983542796,0.993163207,0.999694014,0.994915407
4156,2,0.999570424,0.783500626,0.794800595,0.999785166,0.878609869,0.885670082,0.999970225,0.795521955,0.977808263,0.990172769,0.999664768,0.995844612
4156,1,0.99999155,0.984660373,0.952001276,0.999995775,0.992270906,0.975410506,0.99999155,0.994559022,0.968526931,1,0.99920114,0.999581999
4057,9,0.990690355,0.879868423,0.114441931,0.995323409,0.936095752,0.2053798,0.99989545,0.895391749,0.327930848,0.94411442,0.997151067,0.993390591
4057,8,0.989370475,0.816980344,0.280919447,0.99465684,0.899272628,0.438621566,0.999972898,0.860062547,0.4627861,0.9329965,0.992559155,0.99065501
4057,7,0.976487128,0.189515233,0.077623139,0.988103706,0.318642802,0.144063609,0.991341653,0.189814927,0.907160887,0.852992291,0.999848085,0.934095377
4057,6,0.958811673,0.569274314,0.202993214,0.978972799,0.725525561,0.337480231,0.99411656,0.708023438,0.29024209,0.873489494,0.950447506,0.974270453
4057,5,0.947729231,0.737802962,0.043372394,0.973163226,0.849121538,0.083138856,0.999041259,0.801774916,0.056547619,0.829206832,0.976243212,0.99200806
4057,45,0.950607819,0.721152363,0.126472717,0.974678569,0.837987825,0.224546436,0.999516266,0.741666213,0.284950269,0.804238946,0.992960707,0.987664776
4057,44,0.958274731,0.459711997,0.227879768,0.978692842,0.62986671,0.371176028,0.993196456,0.527294932,0.39348729,0.677121485,0.98597898,0.989419256
4057,43,0.970038917,0.320286542,0.107861291,0.984791629,0.485177319,0.194719847,0.984251048,0.339191865,0.905562606,0.759827826,0.996697435,0.966502307
4057,42,0.961710576,0.714748914,0.086907971,0.980481614,0.833648481,0.15991781,0.998354056,0.841560436,0.101978654,0.880489907,0.956087085,0.99214277
4057,41,0.961981228,0.561476525,0.192131534,0.980622255,0.71916102,0.322332777,0.986323415,0.61855141,0.724307279,0.768230849,0.989665662,0.98286199
4057,40,0.973187782,0.657238924,0.069051203,0.986411725,0.793173409,0.129182218,0.994962496,0.696211154,0.241481343,0.799901101,0.993700372,0.988621135
4057,4,0.975958186,0.639516582,0.033165428,0.987832833,0.780128227,0.064201582,0.995226193,0.728209135,0.07089968,0.874914591,0.980898908,0.982365881
4057,39,0.978767012,0.460384472,0.340476814,0.989269587,0.630497627,0.507993589,0.99512718,0.478869749,0.830132436,0.900043601,0.995053959,0.950009449
4057,38,0.999068936,0.674083574,0.121720178,0.999534251,0.805316514,0.217024139,0.999993869,0.679004927,0.856637168,0.987049372,0.999505096,0.980416883
4057,37,0.999175035,0.898599675,0.463591912,0.999587347,0.946592045,0.633498871,0.999188773,0.906105504,0.940482574,0.99993175,0.998485927,0.985151733
4057,36,0.99910408,0.873847094,0.427632832,0.999551839,0.932677054,0.59907957,0.999338685,0.937587382,0.58377746,0.999083581,0.984567958,0.988960546
4057,35,0.99759904,0.823288986,0.019660537,0.998798077,0.903081182,0.038562907,0.999993176,0.82555805,0.546168959,0.987542215,0.99947286,0.973975665
4057,34,0.996141244,0.799898949,0.26899247,0.998066892,0.888826509,0.423946518,1,0.803484954,0.930125247,0.963515689,0.999555555,0.985694115
4057,33,0.99381068,0.816743365,0.000456517,0.996895733,0.899129047,0.000912617,0.99999349,0.816781982,1,0.954816951,0.99999349,0.983295313
4057,32,0.998969138,0.881093187,0.135437113,0.999484303,0.936788452,0.23856383,0.999854282,0.920222914,0.297167467,0.996184519,0.990452288,0.986089752
4057,31,0.921906131,0.653292074,0.395518797,0.95936645,0.790292392,0.566841232,0.99864738,0.658422483,0.907591442,0.805002136,0.997072724,0.963201111
4057,30,0.979309005,0.635339108,0.292081008,0.989546354,0.777012064,0.452109436,0.999338925,0.637811335,0.937019759,0.812526964,0.999608489,0.984545582
4057,3,0.991784107,0.874791131,0.048801555,0.995875109,0.933214497,0.093061561,0.999982392,0.947461633,0.056549481,0.964194373,0.982705162,0.997542103
4057,29,0.998289458,0.836850778,0.393411645,0.999143997,0.911179926,0.564673973,0.998313363,0.895049479,0.670584139,0.999738889,0.994519423,0.992196427
4057,28,0.99994092,0.874111871,0.161879541,0.999970459,0.932827847,0.27865116,0.999974679,0.880231737,0.781383153,0.999682376,0.999280666,0.988832405
4057,27,0.998360663,0.850752382,0.609401991,0.999179659,0.919358408,0.757302395,0.998531551,0.965850382,0.667011794,0.999053337,0.983149586,0.99581735
4057,26,0.998712886,0.910892442,0.539772727,0.999356029,0.953368617,0.701107011,0.998785653,0.96828757,0.645938929,0.999733438,0.985810498,0.993737577
4057,25,0.998979986,0.824414308,0.217424052,0.999489733,0.903757775,0.357187049,0.999005568,0.957330487,0.265970516,0.999784479,0.984526848,0.995761098
4057,24,0.996327915,0.885211509,0.557329861,0.99816058,0.939111081,0.715750561,0.999101821,0.924022346,0.759715994,0.984029089,0.993562471,0.992431618
4057,23,0.999123997,0.852713891,0.072996707,0.999561807,0.920502508,0.136061381,0.999995739,0.88108365,0.254680851,0.992547771,0.99628992,0.988793688
4057,22,0.958769624,0.384808904,0.197477432,0.97895088,0.555757408,0.329822386,0.998357382,0.400680374,0.499802488,0.651407568,0.995870134,0.976863531
4057,21,0.956961841,0.526099526,0.201322766,0.978007666,0.689469483,0.335168485,0.996415501,0.63210563,0.285061513,0.782748669,0.972249053,0.983368039
4057,20,0.939039645,0.586852999,0.155211574,0.968561574,0.73964381,0.268715406,0.997071473,0.684328008,0.178940927,0.751351002,0.967045401,0.994699743
4057,2,0.986943939,0.826969622,0.141656473,0.993429074,0.905291048,0.248159541,0.99982555,0.889345226,0.163956887,0.911125096,0.989946512,0.998339
4057,19,0.999893809,0.936030524,0.10855643,0.999946902,0.966958436,0.19585188,0.999996715,0.951942461,0.315628816,0.999304847,0.997552993,0.994021812
4057,18,0.958879257,0.716670009,0.12100358,0.979008026,0.834953724,0.215884378,0.998829379,0.800732225,0.18618784,0.889223995,0.963574993,0.979676812
4057,17,0.954801222,0.72797779,0.497105462,0.97687807,0.842577716,0.664088769,0.999699521,0.777325048,0.608195642,0.841460059,0.984729988,0.989493155
4057,16,0.970435736,0.711387554,0.205758777,0.984996078,0.831357634,0.341293434,0.999089765,0.767020327,0.382783698,0.887157628,0.98239797,0.979142013
4057,15,0.990572814,0.776746754,0.069732172,0.995264084,0.874347177,0.130373141,0.999951128,0.79429564,0.372457773,0.950631186,0.995843721,0.975845198
4057,14,0.975294379,0.831509515,0.029462345,0.987492689,0.908004581,0.057238314,0.997646409,0.910952355,0.042533258,0.953935405,0.958723267,0.986024845
4057,13,0.992947195,0.817117808,0.499732933,0.996461118,0.899355897,0.666429231,0.999285709,0.867733491,0.702216489,0.954123498,0.992977887,0.991591698
4057,12,0.920627201,0.525411714,0.048953067,0.9586735,0.688878562,0.093337002,0.991963793,0.540775969,0.282106855,0.731291836,0.992021112,0.954511407
4057,11,0.982925417,0.719108257,0.256835959,0.991389196,0.836606135,0.408702436,0.999925834,0.738253493,0.619290704,0.863902022,0.996913744,0.987364701
4057,10,0.988942323,0.750887622,0.449060336,0.994440424,0.857722235,0.619795222,0.99930355,0.797373639,0.717917958,0.939524804,0.991521375,0.983255915
4057,1,0.979544441,0.737786576,0.12464668,0.989666532,0.849110686,0.221663713,0.999334903,0.795895369,0.269376619,0.936535237,0.97859643,0.966810586
3435,6,0.999470343,0.786407575,0.748783055,0.999735101,0.880434662,0.856347564,0.999621829,0.812939349,0.951278623,0.996404743,0.999193933,0.995290246
3435,5,0.999521171,0.641271587,0.359861051,0.999760528,0.781432631,0.529261502,0.999642344,0.714068739,0.668891468,0.997793242,0.99540166,0.988560986
3435,4,0.999732858,0.808893845,0.760070053,0.999866411,0.894351924,0.863681592,0.99987515,0.892359881,0.865824879,0.996992211,0.997290924,0.997218452
3435,3,0.99967332,0.701024448,0.595099225,0.999836633,0.824237945,0.746159506,0.999768287,0.846473096,0.721106297,0.998243919,0.993687194,0.995282849
3435,2,0.999685524,0.665966899,0.562149124,0.999842737,0.799495956,0.719712498,0.999779547,0.724929585,0.844097567,0.997843697,0.997550842,0.992425772
3435,1,0.999667543,0.854572473,0.776558749,0.999833744,0.921584339,0.874228054,0.999810929,0.924518488,0.870785951,0.997228521,0.997446534,0.997655784
3355,4,0.987358511,0.619821635,0.430035349,0.99363905,0.765296156,0.601433173,0.999972449,0.665680993,0.646749427,0.828272533,0.995755605,0.992331535
3355,3,0.989387909,0.459207401,0.44007275,0.99466565,0.629392917,0.611181276,0.999985685,0.606659179,0.507202597,0.820128789,0.988807209,0.99648556
3355,2,0.986964284,0.612553267,0.401834948,0.993439381,0.759730893,0.573298517,0.999979457,0.687412611,0.538413374,0.828851167,0.993401176,0.992954435
3355,1,0.989808257,0.541258793,0.344311861,0.994878027,0.70235939,0.512249979,0.999972581,0.610045468,0.538044458,0.823900006,0.994445066,0.992461354
3353,4,0.99849457,0.757545471,0.602517443,0.999246718,0.862049356,0.751963662,0.999956523,0.830771506,0.766188359,0.959449516,0.997586255,0.997121294
3353,3,0.998324226,0.596307746,0.457108748,0.99916141,0.747108754,0.62741885,0.999940274,0.789300089,0.550037219,0.959458415,0.992662971,0.996646502
3353,2,0.998605022,0.780163876,0.569181271,0.999302024,0.876507929,0.725449993,0.999988593,0.831971954,0.767612236,0.960515869,0.998354433,0.996578231
3353,1,0.997468125,0.587719043,0.398730457,0.998732458,0.740331289,0.570131944,0.999918789,0.771077786,0.508871705,0.959073584,0.989245296,0.99340777
30239,9,0.999953545,0.333810601,0.236016585,0.999976772,0.500536734,0.381898735,0.999958854,0.712980638,0.279114402,0.999878877,0.981154929,0.995188532
30239,8,0.999997986,0.929463801,0.522093635,0.999998993,0.96344259,0.686020391,0.999997986,0.942963983,0.84360391,1,0.999260348,0.997223792
30239,7,0.999928385,0.81974746,0.278526776,0.999964191,0.900946398,0.435699558,0.999930402,0.930537297,0.369689093,0.999965014,0.993635,0.996847598
30239,6,0.999947432,0.852450872,0.440813745,0.999973715,0.920349236,0.61189553,0.999947432,0.971410599,0.487867476,1,0.995636228,0.999120196
30239,5,0.999967674,0.869127818,0.295140914,0.999983837,0.929982219,0.455766489,0.999976765,0.925933014,0.47239073,0.999846623,0.996572407,0.996295148
30239,4,0.999998004,0.897376438,0.347222222,0.999999002,0.945912914,0.515463918,0.999998004,0.912563,0.766773163,1,0.999271875,0.996382405
30239,3,0.999985958,0.80803065,0.352524742,0.999992979,0.893824062,0.521283982,0.999988967,0.954031993,0.405888713,0.999941854,0.992913811,0.99824418
30239,2,0.999999009,0.838335253,0.432757401,0.999999505,0.91205916,0.604090268,0.999999009,0.982249519,0.457097118,1,0.995007572,0.999492882
30239,12,0.999974985,0.926701842,0.675114155,0.999987492,0.961956668,0.80605152,0.999974985,0.960486811,0.813032719,1,0.9972073,0.997125803
30239,11,0.999995889,0.944052918,0.748403221,0.999997945,0.97122142,0.856099111,0.999995889,0.949984448,0.963876967,1,0.999589546,0.996896062
30239,10,0.99990842,0.276725221,0.256106343,0.999954208,0.433492214,0.407778122,0.999918042,0.716908615,0.288770875,0.999780281,0.979072292,0.996194579
30239,1,0.99995058,0.804694113,0.337507376,0.999975289,0.891778953,0.504681143,0.99995058,0.957140569,0.384782121,1,0.991761164,0.998189717
25980,9,0.988555972,0.724484786,0.489886143,0.994245056,0.840233317,0.657615544,1,0.774858583,0.6356778,0.858640327,0.995280718,0.996344069
25980,8,0.985966116,0.67981808,0.582922088,0.992933473,0.809394884,0.736513935,0.999998979,0.688683011,0.907461297,0.797039861,0.999206842,0.995400895
25980,7,0.982175076,0.648145913,0.582766272,0.991007392,0.786515208,0.736389551,1,0.661213371,0.85734494,0.761561902,0.998668158,0.995834079
25980,6,0.984713688,0.60827781,0.266482152,0.992297976,0.756433753,0.420822593,0.999998979,0.619742543,0.755077418,0.779308043,0.998776206,0.991262961
25980,5,0.984159894,0.58193322,0.342306114,0.992016719,0.735724129,0.510026901,1,0.586046263,0.882004652,0.738318218,0.999601027,0.992857191
25980,4,0.988723175,0.692429394,0.408212762,0.994329616,0.818266802,0.579760067,1,0.717549796,0.699784946,0.825436564,0.997901622,0.995216978
25980,3,0.992287512,0.721207247,0.216423165,0.996128828,0.838024878,0.355835323,0.999929502,0.749631753,0.45537037,0.862557964,0.998016704,0.994284761
25980,27,0.996072636,0.802219507,0.157037983,0.998032454,0.890257268,0.271448276,0.999935185,0.834659793,0.395286556,0.937388603,0.997657279,0.994578128
25980,26,0.982260194,0.789848399,0.201879812,0.991050718,0.882586927,0.3359401,0.999971957,0.814040083,0.340587045,0.862321705,0.996426,0.992142526
25980,25,0.999946426,0.789040448,0.178825942,0.999973212,0.882082291,0.303396686,0.999947766,0.95381832,0.210335886,0.999974873,0.991284576,0.998122447
25980,24,0.994498537,0.732996297,0.252565793,0.997241681,0.845929444,0.403277488,0.999881774,0.786561325,0.427919176,0.892991074,0.996827705,0.995426125
25980,23,0.999307314,0.774818016,0.136579905,0.999653537,0.873123903,0.240334893,0.999950491,0.874427719,0.227058884,0.985778267,0.995040066,0.995901337
25980,22,0.996502687,0.76066136,0.210905533,0.998248281,0.864063218,0.348343495,0.999953513,0.853899158,0.297555925,0.935822626,0.994412486,0.996854002
25980,21,0.992627707,0.623418972,0.279065354,0.996300216,0.768032138,0.43635824,0.999939064,0.714569605,0.430229534,0.886571576,0.992900114,0.991937162
25980,20,0.999821826,0.785736411,0.453026045,0.999910905,0.880013877,0.623562182,0.999992831,0.916804581,0.551096939,0.997685987,0.991195845,0.995876483
25980,2,0.995230005,0.835652872,0.432850724,0.997609301,0.910469386,0.604181185,0.999996952,0.854667077,0.728816409,0.926801242,0.998656734,0.99609928
25980,19,1,0.871237958,0.365566038,1,0.931188847,0.535405872,1,0.896723734,0.72303207,1,0.999539879,0.998398068
25980,18,0.998554657,0.767623228,0,0.999276806,0.868537158,0,0.999997978,0.767649144,,0.97586009,0.999997978,0.988237381
25980,17,0.999194295,0.834804741,0.288796502,0.999596985,0.909965755,0.448164627,0.99999932,0.857289951,0.703141361,0.988536796,0.998274558,0.992116765
25980,16,0.999963129,0.767587445,0.532242999,0.999981564,0.868514253,0.694724008,0.999998464,0.776459127,0.957635718,0.999522313,0.999342318,0.987797829
25980,15,0.999847538,0.832199512,0.669343902,0.999923763,0.908415821,0.801924518,0.999988551,0.854882052,0.925530807,0.998457019,0.998233572,0.991035835
25980,14,0.999941704,0.874727923,0.66597282,0.999970851,0.933178529,0.799500222,0.999982668,0.891864044,0.927457416,0.999596154,0.998475652,0.992026412
25980,13,0.999970152,0.833323689,0.754451317,0.999985076,0.90908517,0.860042464,0.999998673,0.864177528,0.934196606,0.99934142,0.998992622,0.996365944
25980,12,0.99991357,0.764870175,0.405379648,0.999956783,0.866772169,0.576896995,0.999997278,0.795133333,0.806994195,0.998812615,0.997713413,0.988751655
25980,11,0.999902395,0.882273552,0.749053116,0.999951195,0.937455186,0.856524149,0.999993702,0.918124163,0.899174335,0.999092299,0.99716646,0.994603769
25980,10,0.996084356,0.862286771,0.496274592,0.998038337,0.926051545,0.663346948,1,0.879079928,0.812834225,0.950627821,0.998606084,0.995532435
25980,1,0.999621685,0.896807437,0.311156712,0.999810807,0.945596711,0.474629325,0.99999796,0.92657304,0.578514056,0.994595861,0.9978676,0.995899754
25972,9,0.99498545,0.790778288,0.381806669,0.997486423,0.88316716,0.55261952,0.99999698,0.810636439,0.736863544,0.909503654,0.998732721,0.995625037
25972,8,0.998973935,0.893497949,0.592828522,0.999486704,0.943753807,0.744372057,1,0.93776622,0.723057644,0.980546153,0.997798739,0.998315388
25972,7,0.99837326,0.884437908,0.509445844,0.999185968,0.938675564,0.67501043,1,0.923769658,0.676987448,0.97279279,0.997675859,0.997735753
25972,6,0.993569067,0.800881041,0.594166897,0.996774161,0.889432475,0.745426213,1,0.83242653,0.758426307,0.894684829,0.997936526,0.997736671
25972,5,0.989147298,0.669127835,0.42968349,0.994544043,0.801769428,0.601088973,0.999998991,0.684976489,0.798061646,0.811807479,0.998777467,0.994822898
25972,4,0.985742498,0.590212107,0.263954668,0.992820065,0.742306142,0.417664771,1,0.593148748,0.917941176,0.758591602,0.999719957,0.991940113
25972,3,0.985907765,0.649850854,0.281548616,0.992903883,0.787769212,0.439388116,1,0.655631986,0.84108299,0.7796443,0.999455521,0.9935389
25972,27,0.994706667,0.793979569,0.300672056,0.99734631,0.885160102,0.462333383,0.999997976,0.820913702,0.581137048,0.912846698,0.998121922,0.995250483
25972,26,0.988926758,0.7547615,0.379179994,0.994432554,0.860243971,0.549862956,1,0.775368923,0.51704996,0.812649023,0.998587773,0.997357374
25972,25,0.99995093,0.782634074,0.217055601,0.999975465,0.878064753,0.356689704,0.999983643,0.979339644,0.230086877,0.998875836,0.994523236,0.999579686
25972,24,0.991951171,0.681533208,0.359461698,0.995959324,0.810609276,0.52882946,0.999956215,0.748499055,0.513729435,0.864407547,0.995323726,0.99533923
25972,23,0.999011839,0.782544788,0.304114357,0.999505675,0.878008557,0.466392161,0.99993551,0.906671384,0.388546563,0.981918933,0.993624716,0.997193219
25972,22,0.995227467,0.743212405,0.200159933,0.997608026,0.852692882,0.333555433,0.999980937,0.862422921,0.248596597,0.927743042,0.991387146,0.997297967
25972,21,0.992068135,0.651060063,0.152431594,0.996018276,0.78865703,0.264539075,0.999997979,0.701863045,0.311965085,0.866211061,0.996068746,0.9911205
25972,20,0.999870351,0.812150864,0.527043552,0.999935171,0.896339129,0.69027966,0.999996949,0.952015959,0.584879564,0.998092802,0.992076963,0.997957581
25972,2,0.985621982,0.589655238,0.241100677,0.992758935,0.741865562,0.388527186,0.999993965,0.596807006,0.778561354,0.733769215,0.999372093,0.99395452
25972,19,0.999931187,0.542071834,0.345405579,0.999965592,0.703043557,0.513459413,0.999940361,0.992538465,0.347444606,0.999954715,0.933464079,0.999385035
25972,18,0.998055677,0.737803097,0.398394429,0.999026892,0.849121627,0.569788352,1,0.746775088,0.926034173,0.969526712,0.999338338,0.988667667
25972,17,0.998912189,0.90095563,0.587912088,0.999455799,0.94789759,0.740484429,0.999998582,0.932212998,0.790010858,0.990553489,0.996627139,0.994893018
25972,16,0.999980712,0.927895937,0.890478004,0.999990356,0.962599608,0.942066506,0.99998122,0.943053603,0.973882074,0.999992125,0.999360811,0.99780542
25972,15,0.999939799,0.883787754,0.77828015,0.999969898,0.938309267,0.875317817,0.999952147,0.910984311,0.932046316,0.999843848,0.998367039,0.995370239
25972,14,0.999868534,0.907068317,0.734244901,0.999934263,0.951269872,0.84676034,0.999989,0.925942102,0.924030859,0.998777526,0.998436906,0.994767806
25972,13,0.999965522,0.812364234,0.648914764,0.999982761,0.896469063,0.787081028,0.99999569,0.82037072,0.972564636,0.999296901,0.999692177,0.994525602
25972,12,0.999985211,0.804193659,0.525868926,0.999992605,0.89147155,0.689271427,0.999988236,0.828176775,0.882911392,0.999947229,0.998651326,0.992483489
25972,11,0.999919548,0.818150735,0.598634664,0.999959772,0.899981194,0.748932421,0.999994707,0.916941521,0.714775521,0.999317209,0.990955472,0.994106087
25972,10,0.992670709,0.742293183,0.316152331,0.996321875,0.852087571,0.480419057,1,0.746817973,0.893044822,0.867642546,0.999680854,0.994353039
25972,1,0.989315732,0.693875044,0.433841826,0.994629174,0.819275361,0.605146005,1,0.707582434,0.732821637,0.798571937,0.999054651,0.996384828
25971,9,0.993911998,0.795858835,0.314146946,0.996946705,0.88632672,0.478100181,1,0.807081541,0.681461556,0.898290857,0.999217897,0.995004382
25971,8,0.998178283,0.881560831,0.510243993,0.999088311,0.937052703,0.675710674,1,0.92154316,0.67952375,0.972400326,0.997394116,0.997429153
25971,7,0.999099084,0.882862552,0.244012802,0.999549339,0.937787574,0.392299503,1,0.89112256,0.783209352,0.987044962,0.999377519,0.99403492
25971,6,0.99303783,0.806404451,0.489671328,0.996506755,0.892828238,0.657421968,1,0.845995771,0.66493156,0.912186565,0.996640589,0.996423625
25971,5,0.98673426,0.745754737,0.583175732,0.993322841,0.854363698,0.736716361,0.999998968,0.752167055,0.917301285,0.837341495,0.999369457,0.995370958
25971,4,0.985767002,0.631982787,0.408726049,0.992832494,0.774496879,0.580277548,0.999997957,0.648974884,0.79212144,0.796706221,0.998323239,0.992814757
25971,3,0.984063915,0.662708328,0.35597292,0.991967958,0.797143211,0.525044291,0.99999794,0.674119175,0.79888907,0.797761482,0.998737931,0.992694169
25971,27,0.993765167,0.804786645,0.298885421,0.996872835,0.891835772,0.460218302,1,0.82812112,0.615045872,0.91726536,0.997974727,0.994473343
25971,26,0.989247301,0.757336243,0.15511584,0.994594589,0.861913872,0.26857192,1,0.787433688,0.284308365,0.849679673,0.997364123,0.995618782
25971,25,0.999936189,0.790388618,0.18205386,0.999968094,0.882924087,0.30802972,0.999997941,0.984580714,0.191219783,0.999220901,0.985347008,0.999120884
25971,24,0.987895841,0.664225399,0.323995128,0.99391107,0.798239709,0.489420423,0.999982351,0.73561642,0.426023721,0.819154166,0.994500438,0.995305731
25971,23,0.998331659,0.80846216,0.180688399,0.999165133,0.894088003,0.306072964,0.999982233,0.856780564,0.385721231,0.969679272,0.997043836,0.994782088
25971,22,0.993721899,0.782036985,0.252653671,0.996851065,0.877688838,0.403389503,0.999972793,0.853179732,0.337584598,0.905387472,0.994858075,0.997001119
25971,21,0.992748307,0.669448953,0.247743422,0.996360959,0.801999908,0.397106357,0.999995423,0.72278899,0.459626776,0.890314446,0.995656546,0.9907442
25971,20,0.999766551,0.799150589,0.442800309,0.999883262,0.888364313,0.613806784,0.999998454,0.935514659,0.52088059,0.997136166,0.990077204,0.9964068
25971,2,0.98411452,0.626614668,0.222932888,0.991993668,0.770452499,0.364587281,1,0.63123651,0.835069444,0.764562493,0.999517363,0.992437573
25971,19,0.999973535,0.624331047,0.155746053,0.999986768,0.768723898,0.269516046,0.999982357,0.765739114,0.273065476,0.999682584,0.995228552,0.995141363
25971,18,0.995930343,0.710272816,0.135868188,0.997961023,0.830595925,0.239232314,0.999989597,0.717853795,0.783625731,0.955121303,0.999080153,0.98126709
25971,17,0.99879015,0.911431445,0.565969675,0.999394709,0.953663755,0.72283606,0.999989821,0.937032569,0.791331852,0.99163485,0.996504081,0.993987614
25971,16,0.999984735,0.906913557,0.861522029,0.999992367,0.95118476,0.925610351,0.999999491,0.917666864,0.979874469,0.999780231,0.999514044,0.996686627
25971,15,0.99971648,0.848129529,0.66078295,0.99985822,0.917824769,0.795748716,0.999941382,0.879365541,0.88965728,0.997906942,0.997138699,0.991133144
25971,14,0.999903337,0.870132901,0.662043722,0.999951666,0.930557289,0.796662222,0.999998949,0.906958044,0.860334708,0.999060975,0.996786829,0.993308215
25971,13,0.999964739,0.851108469,0.727070707,0.999982369,0.919566285,0.841969821,0.999989022,0.869188152,0.950059995,0.999477381,0.999316866,0.995882809
25971,12,0.999879017,0.78091989,0.472029615,0.999939505,0.87698486,0.641331683,0.999987425,0.821116778,0.798540357,0.998432301,0.997205876,0.990748696
25971,11,0.999783019,0.838080147,0.637765012,0.999891498,0.911908165,0.778823588,0.999986204,0.893342496,0.819786557,0.998198334,0.994711679,0.99204372
25971,10,0.99397304,0.759380291,0.361061121,0.996977412,0.863236101,0.530558276,0.999994934,0.798010331,0.58574827,0.902792679,0.997331141,0.994462768
25971,1,0.98861209,0.667839483,0.174502233,0.994273438,0.800843834,0.29715096,1,0.701003144,0.389226613,0.828600851,0.996980166,0.993011104
24578,8,0.999995613,0.879861233,0.72972618,0.999997807,0.936091683,0.843747627,0.999997076,0.896456471,0.946270436,0.999933937,0.999692268,0.998328864
24578,7,0.999995112,0.896454338,0.756379248,0.999997556,0.945400393,0.861293765,0.999995601,0.921752904,0.921676982,0.999980564,0.999480885,0.998576489
24578,6,0.999992567,0.897106883,0.850233236,0.999996284,0.945763142,0.919055198,0.999996036,0.917206461,0.963811223,0.999911439,0.999466404,0.998044409
24578,5,0.999993058,0.895061484,0.850956384,0.999996529,0.944625271,0.919477511,0.999993553,0.92399828,0.950554645,0.999987589,0.999229121,0.998201819
24578,4,0.99999406,0.847755872,0.802071691,0.99999703,0.91760593,0.890166241,0.999994555,0.903080945,0.909804892,0.99998703,0.998576783,0.997896175
24578,3,0.999990075,0.90391418,0.857256869,0.999995037,0.949532484,0.923143033,0.999991564,0.916726784,0.976461803,0.999963455,0.999644649,0.997927264
24578,2,0.999998539,0.902477364,0.78698428,0.99999927,0.948739135,0.880795974,0.999999026,0.921807264,0.945016899,0.99997689,0.999677156,0.998831666
24578,1,0.999963465,0.84757666,0.645272739,0.999981732,0.917500939,0.784396075,0.999966388,0.866867666,0.926452351,0.999864603,0.999626815,0.997810865
23064,9,0.999831071,0.774661399,0.453042196,0.999915528,0.873024453,0.623577481,0.999930841,0.873560689,0.621379386,0.997226722,0.996591129,0.996729448
23064,8,0.999936854,0.826931775,0.599186565,0.999968426,0.90526837,0.749364181,0.999965371,0.940940576,0.681031912,0.999580518,0.99358348,0.997328039
23064,7,0.99935854,0.693632783,0.663663792,0.999679167,0.819106467,0.797834028,0.999998511,0.907212795,0.709498101,0.98440673,0.994163171,0.998529783
23064,6,0.99875529,0.648599411,0.052244329,0.999377257,0.786849015,0.099300757,0.999992879,0.704048001,0.185643564,0.981441131,0.994887868,0.984161971
23064,5,0.998442805,0.628324625,0.423449428,0.999220796,0.771743687,0.594962378,0.999998994,0.878125,0.470342558,0.971351471,0.988129754,0.997438705
23064,4,0.999101981,0.667141519,0.515519913,0.999550789,0.800341796,0.68032087,0.999995481,0.827275999,0.635338515,0.983143409,0.992792289,0.99495916
23064,3,0.998539697,0.598532871,0.415181934,0.999269315,0.748852753,0.586754147,0.999756012,0.773331158,0.549568923,0.986343662,0.98483268,0.989119718
23064,2,0.997899983,0.654213162,0.51872013,0.998948888,0.790965974,0.683101672,0.999732386,0.795258877,0.659197708,0.975110003,0.990686506,0.99240031
23064,1,0.997822758,0.439730826,0.176816716,0.998910193,0.610851442,0.300500007,0.999896462,0.530117254,0.393106868,0.968849115,0.990117584,0.979263067
22964,9,0.999904864,0.883828661,0.768988273,0.99995243,0.938332322,0.869410256,0.999998396,0.959572167,0.829191191,0.999226752,0.993364292,0.997072044
22964,8,0.999948294,0.74606959,0.473601635,0.999974146,0.854570281,0.642781093,0.999995599,0.764016397,0.906266364,0.999692065,0.997152246,0.974342382
22964,7,0.999744811,0.786800646,0.219121888,0.999872389,0.880680951,0.359474947,0.999988345,0.797396794,0.807997604,0.998903445,0.997260519,0.96533304
22964,6,0.999810749,0.904770188,0.786749533,0.999905366,0.950004566,0.880648931,0.999936728,0.961407826,0.855524836,0.999060442,0.994367563,0.996763556
22964,5,0.999778052,0.873513828,0.751223408,0.999889014,0.932487196,0.85794126,0.999995751,0.94115067,0.839282173,0.998086258,0.99430667,0.995916212
22964,4,0.99965543,0.897020213,0.830584494,0.999827686,0.945714977,0.90745278,0.999986884,0.957975103,0.884488858,0.996692087,0.995933788,0.997671031
22964,3,0.999837683,0.902316078,0.856005557,0.999918835,0.948650004,0.922417019,1,0.955941675,0.909818843,0.998220163,0.996871943,0.997815185
22964,29,0.999791284,0.829206279,0.738360437,0.999895631,0.906629601,0.849490613,0.99997003,0.878542984,0.892824674,0.997862271,0.996943895,0.99390211
22964,28,0.999955771,0.830160101,0.106472668,0.999977885,0.907199431,0.192454221,0.999988693,0.918283444,0.173729754,0.999286384,0.99568211,0.996816406
22964,27,0.999963413,0.931972668,0.431287813,0.999981706,0.964788668,0.602657005,0.999996207,0.981936125,0.501157155,0.999377791,0.997461177,0.999209914
22964,26,0.998721294,0.757660292,0.285263158,0.999360238,0.862123694,0.443898444,0.999982435,0.762774053,0.925441093,0.945705534,0.999854847,0.996233351
22964,25,0.998650756,0.887081753,0.397066178,0.999324923,0.940162504,0.568428588,1,0.917898695,0.617098446,0.97082211,0.99853086,0.997952554
22964,24,0.997048173,0.78229281,0.047750402,0.998521905,0.877849931,0.091148431,0.999956339,0.928331664,0.059060112,0.978406369,0.979441469,0.995215739
22964,23,0.998148066,0.86772397,0.004750831,0.999073175,0.929177956,0.009456735,0.999989444,0.941505438,0.006959393,0.982734945,0.991700208,0.996437316
22964,22,0.999750983,0.85539021,0.779395682,0.999875476,0.922059635,0.876022899,0.999879063,0.905164215,0.902162905,0.998284452,0.997377813,0.995734273
22964,21,0.999905921,0.835590798,0.11501735,0.999952958,0.910432542,0.206305938,0.999977359,0.922374359,0.184144363,0.99870451,0.994947924,0.9964455
22964,20,0.999971749,0.938878615,0.474517252,0.999985874,0.96847591,0.643623873,0.999994955,0.977801885,0.579799836,0.999599887,0.997823115,0.998900475
22964,2,0.993042573,0.662546873,0.461101474,0.996509143,0.797026398,0.631169679,0.999996321,0.67208829,0.936451162,0.93145879,0.998832955,0.981391459
22964,19,0.999409874,0.837081081,0.464635231,0.99970485,0.911316424,0.634472285,1,0.857760053,0.824063116,0.970518238,0.99956721,0.998125312
22964,18,0.999488569,0.825118423,0.326184379,0.999744219,0.904180696,0.491914072,1,0.909693993,0.457087321,0.987770707,0.996416135,0.997423907
22964,17,0.996493601,0.936163962,0.226749272,0.998243721,0.967029632,0.369675006,0.999967869,0.967055778,0.293808303,0.976828732,0.995352404,0.997815739
22964,16,0.996506491,0.90127132,0.080737629,0.998250189,0.948072282,0.149412081,0.999962804,0.956925719,0.105861408,0.976427064,0.991634347,0.997188738
22964,15,0.998603549,0.833056094,0.812327926,0.999301287,0.908925915,0.896446956,0.999972094,0.83645611,0.993032927,0.978610684,0.999838911,0.994939293
22964,14,0.997810837,0.854105128,0.831821534,0.998904219,0.921312514,0.908190584,1,0.912998976,0.893379287,0.975979672,0.99641802,0.997370625
22964,13,0.999992051,0.930558685,0.862148393,0.999996026,0.964030456,0.925971739,1,0.967585756,0.918924383,0.999928608,0.99713488,0.997751377
22964,12,0.999978268,0.924543448,0.843804019,0.999989134,0.960792492,0.915286018,0.99999947,0.972905624,0.891085928,0.999810008,0.996199158,0.998108619
22964,11,0.999927034,0.869203242,0.723879635,0.999963516,0.930025395,0.839826192,0.999999467,0.915011173,0.871631272,0.999380994,0.995785486,0.99353187
22964,10,0.999947986,0.882033745,0.816764822,0.999973992,0.937319798,0.899142049,0.999988556,0.928326141,0.913045461,0.999553469,0.997125098,0.996183386
22964,1,0.992629346,0.719417262,0.831452802,0.996301041,0.836815214,0.907970766,0.999999487,0.734074539,0.96501601,0.902329223,0.999095626,0.995347685
22754,4,0.999943826,0.723707117,0.703111999,0.999971912,0.839710076,0.825679109,0.999944311,0.86457059,0.803333756,0.999968873,0.998470783,0.998919464
22754,3,0.999877505,0.924516774,0.92519659,0.999938749,0.960778089,0.961145054,0.999877989,0.948811492,0.984391479,0.99996852,0.999778324,0.999563115
22754,2,0.999958397,0.844328671,0.819136985,0.999979198,0.915594584,0.900577573,0.99995888,0.8662561,0.968815944,0.999966674,0.99978509,0.998878311
22754,1,0.99998161,0.85956025,0.823180593,0.999990805,0.924476903,0.903015967,0.999982578,0.871775251,0.979788258,0.999934989,0.999874931,0.998862178
22423,4,0.996736164,0.55122653,0.469339609,0.998365415,0.710697657,0.638844289,0.998113643,0.747119343,0.607193125,0.978684228,0.988146376,0.991349816
22423,3,0.997074063,0.531691675,0.347361868,0.998534888,0.694254182,0.515617781,0.99828505,0.644827754,0.595107027,0.980616756,0.991297296,0.985687557
22423,2,0.99754356,0.372251225,0.391101416,0.998770269,0.542540926,0.5622903,0.998788369,0.479097107,0.641552055,0.974646144,0.992426848,0.986128096
22423,1,0.996961341,0.390813847,0.550140643,0.998478359,0.561993034,0.709794489,0.998070598,0.602708532,0.687629506,0.976882748,0.990292508,0.992713272
22115,9,0.993517018,0.540421426,0.253852234,0.996747967,0.701653998,0.404915711,0.997416703,0.599685669,0.60860309,0.9790124,0.984603676,0.950149789
22115,8,0.993726812,0.697736112,0.244064009,0.996853537,0.821960618,0.392365678,0.998080429,0.748545453,0.593865031,0.967919563,0.991533923,0.976687257
22115,7,0.990817404,0.714916092,0.406578445,0.995387525,0.833762182,0.578109876,0.999843364,0.806449753,0.567073785,0.940301464,0.985893214,0.986467019
22115,6,0.990819603,0.821855676,0.339200215,0.995388635,0.902218202,0.506571327,0.999219597,0.859993908,0.612679082,0.95617658,0.992125249,0.986040966
22115,5,0.99411552,0.876495325,0.59181974,0.997049078,0.934183329,0.74357633,0.999580806,0.880415445,0.941552369,0.954683685,0.999525297,0.992678693
22115,4,0.999780243,0.940286058,0.123088985,0.999890109,0.969224155,0.219197208,1,0.952089686,0.400169924,0.999216267,0.996571209,0.989847375
22115,3,0.997807715,0.866385899,0.115833107,0.998902655,0.928410249,0.207617261,0.999874075,0.957442785,0.145204041,0.989665367,0.981632582,0.995307538
22115,2,0.998829392,0.922973311,0.096468692,0.999414353,0.959943964,0.17596251,0.999958048,0.938199258,0.314398293,0.99207547,0.997710049,0.993419609
22115,16,0.994608279,0.785852193,0.504521686,0.997296852,0.880086489,0.670673863,0.999332118,0.810599095,0.8578751,0.972243707,0.995756166,0.980305854
22115,15,0.991876212,0.754090039,0.562187026,0.99592154,0.859807675,0.719743561,0.99923966,0.80829233,0.794827736,0.962846099,0.989948115,0.981023838
22115,14,0.992919971,0.740832184,0.230042573,0.996447409,0.851124182,0.374040018,0.999777239,0.742682333,0.925021123,0.969461939,0.999483188,0.960270656
22115,13,0.997636062,0.820414106,0.358145689,0.998816632,0.901348878,0.527403933,0.999959907,0.861209547,0.650685541,0.987357213,0.992295437,0.982117936
22115,12,0.997646891,0.796469019,0.589030346,0.99882206,0.886704987,0.741370796,0.999840954,0.858765846,0.781854362,0.982660674,0.993023871,0.989641524
22115,11,0.997830967,0.805750229,0.444954419,0.998914306,0.89242711,0.615873294,0.99997197,0.830841515,0.821989038,0.98593979,0.996070741,0.982390976
22115,10,0.988515915,0.761192205,0.287603071,0.994224796,0.864405603,0.446726289,0.998451864,0.775585265,0.793160531,0.93247734,0.997455063,0.980546207
22115,1,0.999103626,0.909542628,0.258921259,0.999551612,0.952628776,0.41133829,0.999850321,0.92768237,0.602176871,0.99093175,0.998437905,0.995337357
21693,4,0.999876418,0.794974019,0.066488267,0.999938205,0.885777745,0.124686354,0.999876418,0.807048658,0.533884298,1,0.999335056,0.991878675
21693,3,0.999998041,0.573114463,0.354180647,0.99999902,0.728636697,0.52309217,0.999998041,0.573114463,1,1,1,0.990775406
21693,2,0.999985939,0.869052544,0.914479026,0.999992969,0.929939126,0.955329375,0.999985939,0.981694968,0.924824377,1,0.999201656,0.999880495
21693,1,0.999932186,0.827579064,0.884183107,0.999966092,0.9056561,0.93853204,0.999932186,0.853997435,0.982315113,1,0.999784938,0.999003605
20613,8,0.996358098,0.656814916,0.330449023,0.998175727,0.792864562,0.496748116,1,0.781188919,0.442139147,0.918284615,0.993929152,0.995980713
20613,7,0.997682227,0.702807925,0.541980592,0.998839769,0.825469408,0.702966814,1,0.704800107,0.988349088,0.923730454,0.999930966,0.995208362
20613,6,0.99651538,0.714260809,0.381819573,0.998254649,0.833316384,0.552633036,1,0.796841419,0.537348792,0.919328181,0.996092868,0.996360335
20613,5,0.997604423,0.689214311,0.332047583,0.998800775,0.816017608,0.498552134,0.999998687,0.739533745,0.605866867,0.927148951,0.99805288,0.995091642
20613,4,0.995999854,0.692679552,0.363175967,0.997995919,0.818441448,0.532837984,0.999990683,0.839772198,0.429745313,0.914377547,0.993274198,0.997396567
20613,3,0.996096178,0.71043881,0.2446852,0.998044272,0.830709413,0.393168008,0.999977763,0.770675656,0.475452812,0.934894455,0.995680955,0.99239109
20613,2,0.995819973,0.671261233,0.371864125,0.997905609,0.803298993,0.542129673,0.999999334,0.795451922,0.465508486,0.910809148,0.993677041,0.996968774
20613,1,0.997563968,0.713346648,0.402149063,0.998780498,0.832693896,0.573618131,0.999999672,0.771653252,0.639802546,0.925824697,0.99783961,0.996362366
20495,4,0.999173919,0.590494973,0.505849096,0.999586789,0.74252982,0.671845668,0.999597346,0.852474193,0.574262158,0.988915172,0.991775882,0.997433551
20495,3,0.999216847,0.585187829,0.460808179,0.99960827,0.738319861,0.630894851,0.99949195,0.81825499,0.556959232,0.992841263,0.991976607,0.996329432
20495,2,0.999133046,0.578376119,0.475782522,0.999566335,0.732874899,0.644786769,0.999285948,0.831042943,0.563887536,0.995920377,0.991752717,0.996677323
20495,1,0.999264441,0.603095701,0.518322222,0.999632085,0.752413846,0.682756551,0.999529184,0.872729863,0.581854447,0.993006628,0.99187264,0.99767093
13387,8,1,0.884797043,0.437687939,1,0.938877792,0.608877527,1,0.995532964,0.446337308,1,0.993478086,0.999776242
13387,7,0.999987892,0.856973341,0.489102746,0.999993946,0.922978615,0.656909333,1,0.967750581,0.544251969,0.999791217,0.994233911,0.998617595
13387,6,0.999188206,0.933657165,0.45154805,0.999593938,0.965690487,0.622160665,0.99999579,0.974689738,0.532227488,0.992192265,0.995877545,0.99855019
13387,5,0.999182146,0.899165013,0.455139373,0.999590906,0.946905621,0.625561209,1,0.921524233,0.763330898,0.993367365,0.997255226,0.992852902
13387,4,0.999867487,0.743087145,0.295126925,0.999933739,0.852610436,0.45574981,1,0.961445624,0.320773464,0.999330671,0.961677612,0.995434835
13387,3,0.999913699,0.90374816,0.607934294,0.999956848,0.949440876,0.75616808,1,0.963656122,0.704308797,0.999342451,0.99305936,0.996558498
13387,2,0.999141433,0.362669014,0.460436058,0.999570532,0.532292156,0.630546001,0.999926268,0.63004473,0.556081674,0.983608457,0.987423725,0.99380526
13387,1,0.999400437,0.68112795,0.619518363,0.999700129,0.810322558,0.765064944,0.999895584,0.786816197,0.783114696,0.985655045,0.997064609,0.996028058
11838,5,0.999296653,0.574089447,0.814574141,0.999648203,0.729424174,0.897813016,0.999335187,0.793303699,0.882722847,0.998369655,0.997443361,0.99860034
11838,4,0.999074041,0.287723082,0.330574604,0.999536806,0.446871048,0.496889995,0.999169159,0.978081987,0.333651551,0.996737193,0.98460733,0.99979084
11838,3,0.999871067,0.307527844,0.678728045,0.999935529,0.470395863,0.808621798,0.99991746,0.597122997,0.751984127,0.998087377,0.995325844,0.997938129
11838,2,0.999842449,0.441222641,0.379060116,0.999921218,0.612289355,0.549736899,0.999930298,0.92898626,0.393940959,0.997011586,0.988721915,0.999261574
11838,1,0.998754537,0.93138321,0.475141243,0.99937688,0.964472721,0.644197625,0.998928873,0.935554342,0.916122004,0.995631887,0.999837938,0.996738456
11688,6,0.997343271,0.544715679,0.396082848,0.998669869,0.705263352,0.567420262,0.998559953,0.784732699,0.493255877,0.984136982,0.982227803,0.991721617
11688,5,0.997362959,0.689074116,0.533686784,0.998679738,0.815919337,0.695952771,0.998495524,0.797026686,0.7316401,0.982835553,0.993400172,0.991800513
11688,4,0.994215899,0.212348935,0.291028789,0.997099561,0.35030993,0.450847869,0.994219344,0.221972544,0.921346456,0.999909255,0.998825944,0.974734801
11688,3,0.993929425,0.237147001,0.20650093,0.996955472,0.383377239,0.342313752,0.993940737,0.238382283,0.998621142,0.999698475,0.999843819,0.97193891
11688,2,0.992282272,0.281611168,0.344879221,0.996126187,0.439464286,0.512877611,0.992364799,0.30683235,0.904069968,0.997822875,0.997896564,0.977230902
11688,1,0.997109715,0.769109203,0.596933162,0.998552766,0.869487539,0.747599432,0.9982051,0.872835172,0.752649201,0.984893495,0.993510849,0.994163581
10274,5,0.995636528,0.65479723,0.662322984,0.997813494,0.791392708,0.796864376,0.999995056,0.743820225,0.750829062,0.881307309,0.996811271,0.998287466
10274,4,0.996442781,0.767914813,0.728144236,0.998218221,0.868723773,0.842689193,0.999993532,0.827190679,0.821549205,0.917950715,0.997689828,0.998367783
10274,3,0.998758742,0.89534291,0.115800866,0.999378985,0.944781976,0.20756547,1,0.965206314,0.120495495,0.971345324,0.996902453,0.999862204
10274,2,0.99716851,0.670800486,0.877701325,0.998582248,0.802968986,0.934867876,0.999999508,0.718342287,0.941937425,0.913351269,0.998972515,0.998701342
10274,1,0.993668073,0.513755931,0.586711497,0.996823981,0.678783047,0.739531412,0.999988089,0.539596954,0.837252936,0.844129237,0.998741588,0.993586478
,,,,,,,,,,,,,
,,,,,,,,,,,,,
,,,,,,,,,,,,,
